job_key,skill_key,found_in_title,found_in_description
ch-5706900763,r,False,True
ch-5737723571,r,True,False
ch-5737723571,stakeholder-management,False,True
ch-5784532475,r,False,True
ch-5814610054,agile,True,False
ch-5814700994,agile,False,True
ch-5816883068,sql,True,False
ch-5816883068,python,True,False
ch-5816883068,power-bi,True,False
ch-5816883068,stakeholder-management,False,True
ch-5822997268,communication,False,True
ch-5832355656,power-bi,False,True
ch-5834044745,r,False,True
ch-5844501799,r,False,True
ch-5849901980,stakeholder-management,False,True
ch-5850973752,stakeholder-management,False,True
ch-5850975133,gcp,False,True
ch-5851422313,excel,True,True
ch-5853039171,stakeholder-management,False,True
ch-5853882472,sql,False,True
ch-5853882472,python,False,True
ch-5853882472,power-bi,False,True
ch-5853882472,tableau,False,True
ch-5853882472,azure,False,True
ch-5853962024,stakeholder-management,False,True
ch-5854383299,power-bi,False,True
ch-5856657772,communication,False,True
ch-5856658308,power-bi,False,True
ch-5856659968,communication,False,True
ch-5856741570,sql,False,True
ch-5856741570,r,False,True
ch-5858930900,power-bi,False,True
ch-5860955203,sql,True,True
ch-5860955203,power-bi,True,True
ch-5860955203,etl,False,True
ch-5862212824,sql,False,True
ch-5862212824,power-bi,False,True
ch-5864095581,agile,False,True
ch-5864320396,r,True,True
ch-5870422551,excel,False,True
ch-5870422551,agile,False,True
ch-5870580469,r,True,True
ch-5871765319,excel,False,True
ch-5871765319,agile,False,True
ch-5873437167,power-bi,True,True
ch-5878265694,stakeholder-management,False,True
ch-5878443785,stakeholder-management,False,True
ch-5879005785,data-visualization,True,True
ch-5880103838,sql,True,True
ch-5885950867,r,False,True
ch-5885951172,r,False,True
ch-5886141394,r,False,True
ch-5886141686,r,False,True
ch-5886850304,stakeholder-management,False,True
ch-5887683461,r,False,True
ch-5888175740,r,True,False
ch-5888175740,stakeholder-management,False,True
ch-5888369165,r,False,True
ch-5888373901,r,False,True
ch-5888507685,databricks,True,True
ch-5889068696,agile,False,True
ch-5889264733,agile,False,True
ch-5889272679,stakeholder-management,False,True
ch-5889273156,stakeholder-management,False,True
ch-5890472680,power-bi,False,True
ch-5890633531,communication,False,True
ch-5890635502,power-bi,False,True
ch-5890636023,agile,False,True
ch-5890636023,stakeholder-management,False,True
ch-5892144286,r,False,True
ch-5892674996,r,False,True
ch-5895041893,r,True,True
ch-5895041893,stakeholder-management,False,True
ch-5895145758,r,True,True
ch-5895145758,stakeholder-management,False,True
ch-5895210389,r,False,True
ch-5896633375,r,True,False
ch-5896633375,stakeholder-management,False,True
ch-5896766027,agile,False,True
ch-5897541703,excel,False,True
ch-5898292022,communication,False,True
ch-5898897663,power-bi,False,True
de-5330215394,power-bi,True,False
de-5479764604,r,False,True
de-5751150763,sql,False,True
de-5751150763,power-bi,True,True
de-5752459828,etl,False,True
de-5770486747,stakeholder-management,False,True
de-5774396511,r,False,True
de-5782547945,data-visualization,True,True
de-5786675237,power-bi,False,True
de-5786675237,excel,False,True
de-5787618351,r,False,True
de-5788489663,power-bi,False,True
de-5802950222,excel,False,True
de-5802975615,sql,False,True
de-5802975615,etl,False,True
de-5802975615,stakeholder-management,False,True
de-5803454368,power-bi,False,True
de-5803454368,tableau,False,True
de-5806563462,stakeholder-management,False,True
de-5808554689,machine-learning,False,True
de-5809360702,communication,False,True
de-5821322166,sql,False,True
de-5830637305,power-bi,True,True
de-5830637305,databricks,True,True
de-5830637305,dax,False,True
de-5830749157,power-bi,False,True
de-5830749157,dax,False,True
de-5831958852,python,True,False
de-5833618547,tableau,False,True
de-5833618547,snowflake,False,True
de-5834803083,power-bi,False,True
de-5835493879,communication,False,True
de-5835557994,power-bi,True,True
de-5835557994,databricks,True,True
de-5835557994,dax,False,True
de-5835783804,communication,False,True
de-5838611141,stakeholder-management,False,True
de-5841997634,sql,False,True
de-5841997634,snowflake,False,True
de-5841997634,stakeholder-management,False,True
de-5842729684,r,False,True
de-5842729684,stakeholder-management,False,True
de-5848345509,power-bi,True,False
de-5848533692,data-visualization,True,True
de-5849184095,power-bi,True,False
de-5849315005,power-bi,False,True
de-5849325391,r,False,True
de-5851326698,agile,False,True
de-5852710200,excel,False,True
de-5853740590,power-bi,False,True
de-5853740590,excel,False,True
de-5855434419,sql,False,True
de-5855434419,power-bi,False,True
de-5855434419,excel,False,True
de-5855435937,sql,True,False
de-5858005152,sql,True,False
de-5858230960,stakeholder-management,False,True
de-5858241244,power-bi,False,True
de-5858241244,dax,False,True
de-5858329815,communication,False,True
de-5858661082,communication,False,True
de-5859164828,stakeholder-management,False,True
de-5860576239,stakeholder-management,False,True
de-5860576256,stakeholder-management,False,True
de-5861342350,azure,True,True
de-5861994844,machine-learning,False,True
de-5861994845,machine-learning,False,True
de-5862716394,r,False,True
de-5864048150,power-bi,False,True
de-5864048150,azure,False,True
de-5864048151,power-bi,False,True
de-5864048151,azure,False,True
de-5864048154,power-bi,False,True
de-5864048154,azure,False,True
de-5864593761,r,False,True
de-5864754539,agile,True,False
de-5865242906,communication,False,True
de-5866676803,agile,False,True
de-5867004154,r,False,True
de-5867197926,python,True,True
de-5867264784,python,False,True
de-5867625023,python,False,True
de-5868154596,sql,False,True
de-5868154596,power-bi,False,True
de-5868413742,sql,False,True
de-5868413742,python,False,True
de-5868413742,azure,False,True
de-5868413877,agile,False,True
de-5868510699,aws,False,True
de-5868510699,machine-learning,False,True
de-5868544356,sql,False,True
de-5868544356,power-bi,False,True
de-5868544356,databricks,False,True
de-5868544356,stakeholder-management,False,True
de-5868544357,stakeholder-management,False,True
de-5868892625,communication,False,True
de-5869315725,stakeholder-management,False,True
de-5869352706,communication,False,True
de-5869375999,stakeholder-management,False,True
de-5869545707,stakeholder-management,False,True
de-5869566040,agile,False,True
de-5869963720,azure,False,True
de-5869971763,r,False,True
de-5869973666,tableau,False,True
de-5870291416,etl,False,True
de-5870291416,data-modeling,False,True
de-5870610068,r,False,True
de-5870740760,communication,False,True
de-5870850264,communication,False,True
de-5870919268,communication,False,True
de-5871007388,stakeholder-management,False,True
de-5871007388,communication,False,True
de-5871128043,communication,False,True
de-5871403440,r,False,True
de-5871407493,data-modeling,False,True
de-5871980875,communication,False,True
de-5871980933,communication,False,True
de-5872158981,excel,False,True
de-5872869322,machine-learning,False,True
de-5872869343,machine-learning,False,True
de-5873134893,power-bi,True,False
de-5873219567,power-bi,True,True
de-5873644607,stakeholder-management,False,True
de-5874132105,r,False,True
de-5874196401,power-bi,False,True
de-5874196401,excel,False,True
de-5875138215,stakeholder-management,False,True
de-5875138215,communication,False,True
de-5875150140,sql,False,True
de-5875165011,power-bi,True,False
de-5875286870,agile,False,True
de-5875287821,power-bi,False,True
de-5875381675,power-bi,False,True
de-5875381675,azure,False,True
de-5875381683,power-bi,False,True
de-5875381683,azure,False,True
de-5875381696,power-bi,False,True
de-5875381696,azure,False,True
de-5875565825,stakeholder-management,False,True
de-5876573913,data-modeling,False,True
de-5876791537,agile,False,True
de-5877056155,communication,False,True
de-5877197369,sql,False,True
de-5877197369,python,False,True
de-5877199000,communication,False,True
de-5877200279,agile,False,True
de-5877276378,r,False,True
de-5877303741,stakeholder-management,False,True
de-5877432514,etl,False,True
de-5877433101,communication,False,True
de-5877523486,sql,False,True
de-5877539673,sql,False,True
de-5877539673,python,False,True
de-5877699919,etl,False,True
de-5877883000,sql,False,True
de-5878054376,agile,False,True
de-5878151730,aws,False,True
de-5878151730,machine-learning,False,True
de-5878377217,agile,False,True
de-5878763073,statistics,False,True
de-5879227010,power-bi,True,False
de-5879360163,agile,False,True
de-5880042147,agile,True,False
de-5880564118,data-modeling,False,True
de-5880667831,power-bi,False,True
de-5882125080,stakeholder-management,False,True
de-5882396871,machine-learning,False,True
de-5882396978,machine-learning,False,True
de-5882634405,communication,False,True
de-5882634406,communication,False,True
de-5882783439,r,False,True
de-5883178237,agile,True,False
de-5883488401,statistics,False,True
de-5883488695,statistics,False,True
de-5883700564,stakeholder-management,False,True
de-5883819207,agile,True,False
de-5884234102,stakeholder-management,False,True
de-5884440445,power-bi,False,True
de-5884440445,azure,False,True
de-5884440446,power-bi,False,True
de-5884440446,azure,False,True
de-5884440448,power-bi,False,True
de-5884440448,azure,False,True
de-5884629377,machine-learning,False,True
de-5884631771,power-bi,False,True
de-5884631809,machine-learning,False,True
de-5885167300,stakeholder-management,False,True
de-5885555473,power-bi,True,False
de-5885821553,agile,False,True
de-5886334551,sql,False,True
de-5886334551,python,False,True
de-5886439104,stakeholder-management,False,True
de-5886460463,stakeholder-management,False,True
de-5886638227,sql,False,True
de-5886638227,python,False,True
de-5886871646,power-bi,True,False
de-5887063443,sql,False,True
de-5887082426,power-bi,True,False
de-5887220047,agile,False,True
de-5887331771,aws,False,True
de-5887331771,machine-learning,False,True
de-5887796349,etl,False,True
de-5887796349,agile,False,True
de-5887798720,machine-learning,False,True
de-5888011215,power-bi,True,False
de-5888080238,agile,False,True
de-5888309825,agile,False,True
de-5888626014,sql,False,True
de-5888640701,stakeholder-management,False,True
de-5889464905,power-bi,True,False
de-5889524074,azure,True,True
de-5890078246,r,False,True
de-5890078246,stakeholder-management,False,True
de-5890111451,stakeholder-management,False,True
de-5890237252,r,False,True
de-5890239313,power-bi,False,True
de-5890265792,sql,False,True
de-5890642062,agile,False,True
de-5890718319,agile,False,True
de-5890800729,communication,False,True
de-5890804654,sql,False,True
de-5890804654,python,False,True
de-5890804654,power-bi,False,True
de-5890804654,tableau,False,True
de-5890804654,excel,False,True
de-5890804654,r,False,True
de-5890868063,r,False,True
de-5891322134,stakeholder-management,False,True
de-5891400049,python,False,True
de-5891400049,r,False,True
de-5891400049,databricks,False,True
de-5891400049,machine-learning,False,True
de-5891422884,agile,False,True
de-5891495190,machine-learning,False,True
de-5891495211,machine-learning,False,True
de-5891846591,agile,False,True
de-5891853453,power-bi,True,False
de-5891909418,power-bi,False,True
de-5891909418,tableau,False,True
de-5892312071,power-bi,True,False
de-5892604454,agile,False,True
de-5892874423,power-bi,True,False
de-5892907449,power-bi,True,False
de-5893160865,statistics,False,True
de-5893342437,agile,False,True
de-5893521208,power-bi,True,True
de-5893523498,azure,False,True
de-5893523498,databricks,False,True
de-5893616150,python,False,True
de-5893616150,r,False,True
de-5893616150,databricks,False,True
de-5893616150,machine-learning,False,True
de-5893616151,python,False,True
de-5893616151,r,False,True
de-5893616151,databricks,False,True
de-5893616151,machine-learning,False,True
de-5893724499,power-bi,False,True
de-5893724499,azure,False,True
de-5893724518,power-bi,False,True
de-5893724518,azure,False,True
de-5893724530,power-bi,False,True
de-5893724530,azure,False,True
de-5893742897,sql,False,True
de-5893742897,python,False,True
de-5894010927,agile,False,True
de-5894019991,sql,False,True
de-5894019991,python,False,True
de-5894023536,agile,False,True
de-5894024455,sql,False,True
de-5894024455,power-bi,True,True
de-5894079588,excel,False,True
de-5894192813,power-bi,True,False
de-5894403832,power-bi,True,False
de-5894502314,agile,False,True
de-5894694937,agile,False,True
de-5894719048,agile,False,True
de-5894723633,power-bi,True,False
de-5895267864,power-bi,True,False
de-5895280431,power-bi,False,True
de-5895360123,sql,False,True
de-5895360123,python,False,True
de-5895360123,power-bi,False,True
de-5895360123,excel,False,True
de-5895362455,power-bi,True,True
de-5896208178,stakeholder-management,False,True
de-5896230540,power-bi,True,False
de-5896238226,power-bi,True,False
de-5896362797,agile,False,True
de-5896503093,aws,False,True
de-5896503093,machine-learning,False,True
de-5896983021,power-bi,True,False
de-5897159082,power-bi,True,False
de-5897170761,sql,False,True
de-5897170761,power-bi,False,True
de-5897170761,excel,False,True
de-5897338089,stakeholder-management,False,True
de-5897338117,stakeholder-management,False,True
de-5897585937,agile,False,True
de-5897679937,power-bi,False,True
de-5897679937,tableau,False,True
de-5897815169,power-bi,True,True
de-5897846968,stakeholder-management,False,True
de-5897857023,agile,False,True
de-5897946100,python,False,True
de-5897946100,r,False,True
de-5897946100,databricks,False,True
de-5897946100,machine-learning,False,True
de-5897968557,sql,False,True
de-5897968557,etl,False,True
de-5898294900,sql,False,True
de-5898294900,etl,False,True
de-5898582092,power-bi,False,True
de-5898583491,communication,False,True
de-5898943532,agile,False,True
de-5899161930,agile,True,False
de-5899201012,power-bi,True,False
de-5899233656,power-bi,True,False
de-5899237428,etl,False,True
de-5899241688,agile,False,True
de-5899321058,r,False,True
de-5899419128,data-modeling,True,False
de-5899653544,stakeholder-management,False,True
es-3913351514,excel,False,True
es-4338872287,python,True,True
es-4338872287,communication,False,True
es-4844318797,sql,False,True
es-5584479066,tableau,True,False
es-5584479066,stakeholder-management,False,True
es-5584544401,stakeholder-management,False,True
es-5642703202,r,False,True
es-5660680567,problem-solving,False,True
es-5681713155,machine-learning,False,True
es-5693810934,stakeholder-management,False,True
es-5693810934,communication,False,True
es-5693810934,problem-solving,False,True
es-5705383100,machine-learning,False,True
es-5713960479,sql,True,False
es-5713960479,statistics,False,True
es-5714273777,sql,True,False
es-5714273777,statistics,False,True
es-5716298368,power-bi,False,True
es-5716298368,stakeholder-management,False,True
es-5727681262,power-bi,True,False
es-5727802231,excel,False,True
es-5737877254,sql,False,True
es-5737877254,etl,False,True
es-5751211477,tableau,True,True
es-5751211477,data-visualization,True,False
es-5752881656,sql,True,False
es-5757544454,machine-learning,False,True
es-5768404746,machine-learning,False,True
es-5769875538,r,False,True
es-5775499094,communication,False,True
es-5775849278,stakeholder-management,False,True
es-5785454418,communication,False,True
es-5788550130,problem-solving,False,True
es-5789442565,agile,False,True
es-5790240230,power-bi,True,False
es-5790664925,power-bi,True,True
es-5794830031,communication,False,True
es-5796276181,problem-solving,False,True
es-5801923689,problem-solving,False,True
es-5802409104,power-bi,False,True
es-5804102715,r,False,True
es-5804102715,machine-learning,False,True
es-5804499904,sql,False,True
es-5804499904,power-bi,False,True
es-5804499904,excel,False,True
es-5806932448,stakeholder-management,False,True
es-5807568221,stakeholder-management,False,True
es-5812739545,stakeholder-management,False,True
es-5813471620,stakeholder-management,False,True
es-5814598851,data-visualization,False,True
es-5814614706,problem-solving,False,True
es-5815897769,excel,False,True
es-5815897769,communication,False,True
es-5816882353,agile,False,True
es-5816888575,gcp,False,True
es-5816889149,stakeholder-management,False,True
es-5822105512,agile,True,True
es-5831622577,r,True,False
es-5831663790,sql,False,True
es-5831663790,python,False,True
es-5831663790,git,False,True
es-5831663808,communication,False,True
es-5831682141,r,True,False
es-5833173127,power-bi,True,False
es-5835329603,stakeholder-management,False,True
es-5836461020,power-bi,False,True
es-5836461020,etl,False,True
es-5836461020,stakeholder-management,False,True
es-5840008880,python,False,True
es-5842845523,problem-solving,False,True
es-5842846465,problem-solving,False,True
es-5842846466,problem-solving,False,True
es-5842846713,problem-solving,False,True
es-5846288432,stakeholder-management,False,True
es-5848696994,sql,False,True
es-5849618350,stakeholder-management,False,True
es-5855789317,power-bi,False,True
es-5855789317,stakeholder-management,False,True
es-5857298502,power-bi,False,True
es-5859470325,communication,False,True
es-5859485871,sql,False,True
es-5859485871,agile,False,True
es-5859485871,communication,False,True
es-5859485871,problem-solving,False,True
es-5860876693,agile,False,True
es-5862523747,agile,True,False
es-5866703354,problem-solving,False,True
es-5866704344,agile,False,True
es-5867624531,stakeholder-management,False,True
es-5867624534,stakeholder-management,False,True
es-5867624537,stakeholder-management,False,True
es-5867624580,stakeholder-management,False,True
es-5868523115,problem-solving,False,True
es-5869595148,agile,False,True
es-5869595514,stakeholder-management,False,True
es-5869800024,azure,False,True
es-5870124651,r,False,True
es-5870238699,problem-solving,False,True
es-5871053865,agile,False,True
es-5871054262,stakeholder-management,False,True
es-5871277020,stakeholder-management,False,True
es-5871919099,excel,False,True
es-5871919099,communication,False,True
es-5872316839,sql,True,True
es-5872317300,sql,True,True
es-5872317300,python,True,True
es-5872317300,power-bi,True,True
es-5872317300,stakeholder-management,False,True
es-5872321482,machine-learning,False,True
es-5872878843,power-bi,True,True
es-5873338870,stakeholder-management,False,True
es-5873887817,problem-solving,False,True
es-5873887913,problem-solving,False,True
es-5874806545,machine-learning,False,True
es-5874806587,stakeholder-management,False,True
es-5874806733,sql,False,True
es-5874806733,python,False,True
es-5874806733,power-bi,False,True
es-5874807266,sql,False,True
es-5874807266,etl,False,True
es-5874807545,sql,False,True
es-5874810319,problem-solving,False,True
es-5875309248,stakeholder-management,False,True
es-5875391026,problem-solving,False,True
es-5876170569,power-bi,True,True
es-5876171202,power-bi,False,True
es-5876171202,dax,False,True
es-5876173589,power-bi,False,True
es-5876173589,dax,False,True
es-5876175275,sql,False,True
es-5876175275,etl,False,True
es-5876175523,problem-solving,False,True
es-5876175985,problem-solving,False,True
es-5876178135,sql,False,True
es-5876467378,sql,True,True
es-5876467378,python,True,True
es-5876467378,power-bi,True,True
es-5876467607,agile,False,True
es-5876467638,sql,True,False
es-5876467639,sql,True,False
es-5876467853,spark,False,True
es-5876467856,spark,False,True
es-5876468020,stakeholder-management,False,True
es-5876468022,stakeholder-management,False,True
es-5876468082,spark,False,True
es-5876468375,communication,False,True
es-5876468480,azure,True,False
es-5876468839,machine-learning,False,True
es-5876468985,stakeholder-management,False,True
es-5876469386,stakeholder-management,False,True
es-5876469530,azure,False,True
es-5876469533,azure,False,True
es-5876664519,power-bi,False,True
es-5877835427,power-bi,False,True
es-5877835427,stakeholder-management,False,True
es-5877835431,communication,False,True
es-5878063459,r,False,True
es-5878500283,python,True,False
es-5878909729,stakeholder-management,False,True
es-5879133617,machine-learning,False,True
es-5879433206,stakeholder-management,False,True
es-5879654198,stakeholder-management,False,True
es-5880203059,tableau,True,True
es-5880203059,snowflake,True,True
es-5880205585,tableau,True,True
es-5880205585,snowflake,True,True
es-5880760589,machine-learning,False,True
es-5880789859,stakeholder-management,False,True
es-5881839487,machine-learning,False,True
es-5882095664,agile,False,True
es-5882095664,stakeholder-management,False,True
es-5882398337,problem-solving,False,True
es-5882918211,power-bi,False,True
es-5882918211,dax,False,True
es-5882920105,stakeholder-management,False,True
es-5882923050,power-bi,True,True
es-5883409513,problem-solving,False,True
es-5885822724,stakeholder-management,False,True
es-5885825780,stakeholder-management,False,True
es-5887335139,problem-solving,False,True
es-5887335473,problem-solving,False,True
es-5888175805,power-bi,True,False
es-5888175805,stakeholder-management,False,True
es-5888274705,r,False,True
es-5888286770,power-bi,True,True
es-5888920120,sql,False,True
es-5888920120,power-bi,True,True
es-5888920120,excel,False,True
es-5888921490,machine-learning,False,True
es-5889840539,stakeholder-management,False,True
es-5890104182,gcp,True,True
es-5891048513,power-bi,True,False
es-5891048513,stakeholder-management,False,True
es-5893123226,sql,True,True
es-5893123226,power-bi,True,False
es-5893123226,etl,True,True
es-5893123244,etl,False,True
es-5893240471,stakeholder-management,False,True
es-5893727789,stakeholder-management,False,True
es-5894376836,power-bi,True,False
es-5894376836,stakeholder-management,False,True
es-5894940854,agile,False,True
es-5894981873,communication,False,True
es-5895670183,gcp,True,True
es-5895769092,sql,False,True
es-5895770782,stakeholder-management,False,True
es-5896070862,gcp,False,True
es-5896070887,sql,False,True
es-5896070887,power-bi,False,True
es-5896070887,aws,False,True
es-5896071189,communication,False,True
es-5896071189,problem-solving,False,True
es-5896075292,communication,False,True
es-5896075461,stakeholder-management,False,True
es-5896076143,stakeholder-management,False,True
es-5896076179,power-bi,True,False
es-5896076355,stakeholder-management,False,True
es-5896077229,tableau,True,True
es-5896077229,snowflake,False,True
es-5896077238,stakeholder-management,False,True
es-5896077648,stakeholder-management,False,True
es-5896079640,python,True,False
es-5896079923,stakeholder-management,False,True
es-5896079923,communication,False,True
es-5896080744,stakeholder-management,False,True
es-5896082658,r,False,True
es-5896083643,power-bi,False,True
es-5896083643,azure,False,True
es-5896083643,databricks,False,True
es-5896083643,dax,False,True
es-5896085211,power-bi,True,False
es-5896085211,machine-learning,False,True
es-5896085218,azure,True,True
es-5896085437,stakeholder-management,False,True
es-5896085787,stakeholder-management,False,True
es-5896085853,stakeholder-management,False,True
es-5896087186,power-bi,False,True
es-5896087186,stakeholder-management,False,True
es-5896088333,python,True,False
es-5896091465,agile,False,True
es-5896092100,agile,False,True
es-5896092969,power-bi,False,True
es-5896092969,excel,False,True
es-5896094825,sql,True,True
es-5896094903,stakeholder-management,False,True
es-5896095617,stakeholder-management,False,True
es-5896097005,stakeholder-management,False,True
es-5896097286,r,False,True
es-5896098062,power-bi,True,False
es-5896098062,tableau,True,False
es-5896098110,stakeholder-management,False,True
es-5896098848,sql,True,False
es-5896099647,sql,True,True
es-5896099647,python,False,True
es-5896099647,excel,True,True
es-5896099874,data-modeling,False,True
es-5896099874,data-visualization,False,True
es-5896099874,stakeholder-management,False,True
es-5896100287,sql,True,True
es-5896100287,python,True,True
es-5896100287,power-bi,True,True
es-5896100287,stakeholder-management,False,True
es-5896273521,sql,False,True
es-5896273521,excel,False,True
es-5896273521,gcp,False,True
es-5896334526,power-bi,False,True
es-5896334526,excel,False,True
es-5896523885,stakeholder-management,False,True
es-5896524250,python,False,True
es-5896527048,agile,False,True
es-5897337909,stakeholder-management,False,True
es-5897458232,machine-learning,False,True
es-5897462696,stakeholder-management,False,True
es-5897464359,stakeholder-management,False,True
es-5898037634,r,False,True
es-5898040272,power-bi,False,True
es-5898052522,stakeholder-management,False,True
es-5898056686,r,False,True
es-5898835863,stakeholder-management,False,True
es-5898836754,stakeholder-management,False,True
gb-5210480123,etl,True,True
gb-5748978694,power-bi,True,False
gb-5748978694,machine-learning,False,True
gb-5748978694,statistics,False,True
gb-5810688125,machine-learning,False,True
gb-5820085655,power-bi,False,True
gb-5822578744,power-bi,True,True
gb-5828402671,power-bi,False,True
gb-5843072790,sql,False,True
gb-5843072790,tableau,True,True
gb-5843072790,data-modeling,False,True
gb-5843072790,data-visualization,False,True
gb-5845658880,stakeholder-management,False,True
gb-5851173771,sql,False,True
gb-5851173771,tableau,False,True
gb-5852581991,power-bi,True,False
gb-5852581991,data-visualization,True,False
gb-5852581991,stakeholder-management,False,True
gb-5854310824,power-bi,True,True
gb-5855328200,stakeholder-management,False,True
gb-5855373744,stakeholder-management,False,True
gb-5855373969,tableau,False,True
gb-5855373983,tableau,False,True
gb-5855375864,power-bi,True,True
gb-5855377358,power-bi,False,True
gb-5855377450,stakeholder-management,False,True
gb-5855377743,tableau,True,True
gb-5855378511,stakeholder-management,False,True
gb-5855379822,power-bi,False,True
gb-5855379822,excel,False,True
gb-5855379822,stakeholder-management,False,True
gb-5855380221,sql,False,True
gb-5855380221,power-bi,False,True
gb-5855380778,stakeholder-management,False,True
gb-5855380972,stakeholder-management,False,True
gb-5855381093,excel,False,True
gb-5855381335,stakeholder-management,False,True
gb-5855591572,excel,False,True
gb-5855594700,excel,False,True
gb-5855617098,stakeholder-management,False,True
gb-5855685803,excel,False,True
gb-5855686113,excel,False,True
gb-5855716317,stakeholder-management,False,True
gb-5855716321,power-bi,False,True
gb-5855991534,stakeholder-management,False,True
gb-5856595712,stakeholder-management,False,True
gb-5856978499,r,False,True
gb-5856980452,sql,False,True
gb-5856980452,python,False,True
gb-5856980452,tableau,False,True
gb-5856980452,stakeholder-management,False,True
gb-5857163241,etl,False,True
gb-5857174948,stakeholder-management,False,True
gb-5857179420,stakeholder-management,False,True
gb-5857189288,gcp,False,True
gb-5857189302,etl,False,True
gb-5857189392,stakeholder-management,False,True
gb-5857227791,sql,False,True
gb-5857227791,power-bi,False,True
gb-5857234851,sql,False,True
gb-5857234851,stakeholder-management,False,True
gb-5857236340,gcp,False,True
gb-5858065623,stakeholder-management,False,True
gb-5858089591,power-bi,False,True
gb-5858089591,stakeholder-management,False,True
gb-5858177274,stakeholder-management,False,True
gb-5858200065,stakeholder-management,False,True
gb-5858220107,stakeholder-management,False,True
gb-5858263105,machine-learning,False,True
gb-5858303351,machine-learning,False,True
gb-5858363665,power-bi,False,True
gb-5858373645,agile,False,True
gb-5858377515,power-bi,True,True
gb-5858384691,communication,False,True
gb-5858411950,agile,False,True
gb-5858587375,sql,True,True
gb-5858587406,sql,True,True
gb-5858625182,sql,True,True
gb-5858627587,sql,False,True
gb-5858627677,sql,True,True
gb-5858628580,sql,False,True
gb-5858904718,sql,False,True
gb-5859307761,sql,True,True
gb-5859619578,sql,False,True
gb-5859656397,power-bi,True,False
gb-5859992488,stakeholder-management,False,True
gb-5859992676,excel,False,True
gb-5859994646,sql,False,True
gb-5859994646,power-bi,False,True
gb-5859994674,excel,False,True
gb-5860066671,stakeholder-management,False,True
gb-5860066687,power-bi,False,True
gb-5860066687,excel,False,True
gb-5860066687,stakeholder-management,False,True
gb-5860068596,sql,False,True
gb-5860068596,power-bi,False,True
gb-5860068596,data-modeling,False,True
gb-5860751563,excel,False,True
gb-5861239358,power-bi,False,True
gb-5861397280,sql,False,True
gb-5861397280,power-bi,False,True
gb-5861733142,data-visualization,False,True
gb-5862926825,agile,True,False
gb-5862926825,stakeholder-management,False,True
gb-5862984657,stakeholder-management,False,True
gb-5863110332,stakeholder-management,False,True
gb-5863586463,sql,False,True
gb-5863586463,python,False,True
gb-5863586463,power-bi,False,True
gb-5863586463,tableau,False,True
gb-5863586463,r,False,True
gb-5863586463,data-modeling,False,True
gb-5863586463,data-visualization,False,True
gb-5864239973,power-bi,True,True
gb-5864528638,sql,True,False
gb-5864528638,power-bi,True,False
gb-5864528638,excel,True,False
gb-5864528638,data-visualization,False,True
gb-5864548426,stakeholder-management,False,True
gb-5864670761,stakeholder-management,False,True
gb-5864854595,stakeholder-management,False,True
gb-5864941327,stakeholder-management,False,True
gb-5864945934,stakeholder-management,False,True
gb-5865193043,stakeholder-management,False,True
gb-5865193102,sql,False,True
gb-5865198826,stakeholder-management,False,True
gb-5865265481,stakeholder-management,False,True
gb-5865269133,sql,False,True
gb-5865269134,stakeholder-management,False,True
gb-5865269451,stakeholder-management,False,True
gb-5865311442,agile,False,True
gb-5866922608,stakeholder-management,False,True
gb-5867151553,sql,True,True
gb-5867151553,power-bi,True,True
gb-5867171432,stakeholder-management,False,True
gb-5867181562,problem-solving,False,True
gb-5867187859,power-bi,False,True
gb-5867236624,sql,False,True
gb-5867237111,data-visualization,False,True
gb-5867249007,sql,False,True
gb-5867249007,power-bi,False,True
gb-5867251190,stakeholder-management,False,True
gb-5867251978,machine-learning,False,True
gb-5867279261,stakeholder-management,False,True
gb-5867333398,stakeholder-management,False,True
gb-5867507447,sql,False,True
gb-5867507447,tableau,False,True
gb-5867507447,stakeholder-management,False,True
gb-5867530033,power-bi,False,True
gb-5867642296,stakeholder-management,False,True
gb-5867644630,stakeholder-management,False,True
gb-5867645592,stakeholder-management,False,True
gb-5867645763,stakeholder-management,False,True
gb-5867645772,power-bi,False,True
gb-5867702176,stakeholder-management,False,True
gb-5867702477,power-bi,False,True
gb-5867727563,stakeholder-management,False,True
gb-5868077100,problem-solving,False,True
gb-5868152267,r,False,True
gb-5868301591,stakeholder-management,False,True
gb-5868457217,stakeholder-management,False,True
gb-5868766886,excel,False,True
gb-5868766886,communication,False,True
gb-5868766897,agile,False,True
gb-5868766897,stakeholder-management,False,True
gb-5868767027,agile,False,True
gb-5868767089,excel,False,True
gb-5868767089,agile,False,True
gb-5868767089,stakeholder-management,False,True
gb-5868767089,communication,False,True
gb-5868767157,power-bi,False,True
gb-5868767169,stakeholder-management,False,True
gb-5868767174,sql,False,True
gb-5868767174,python,False,True
gb-5868767174,power-bi,False,True
gb-5868767174,tableau,False,True
gb-5868767174,excel,False,True
gb-5868767297,agile,False,True
gb-5868767297,stakeholder-management,False,True
gb-5868767487,agile,False,True
gb-5868767487,stakeholder-management,False,True
gb-5868767517,sql,False,True
gb-5868767517,excel,False,True
gb-5868767560,stakeholder-management,False,True
gb-5868767667,sql,False,True
gb-5868767667,power-bi,False,True
gb-5868767667,tableau,False,True
gb-5868767667,data-visualization,False,True
gb-5868767667,stakeholder-management,False,True
gb-5868767667,problem-solving,False,True
gb-5868767755,stakeholder-management,False,True
gb-5868767755,communication,False,True
gb-5868767760,r,False,True
gb-5868767785,agile,False,True
gb-5868767785,stakeholder-management,False,True
gb-5868804236,agile,False,True
gb-5868804241,stakeholder-management,False,True
gb-5868804241,communication,False,True
gb-5868804241,problem-solving,False,True
gb-5868804516,sql,False,True
gb-5868804516,power-bi,False,True
gb-5868804516,data-modeling,False,True
gb-5868804602,sql,False,True
gb-5868804602,python,False,True
gb-5868804602,snowflake,False,True
gb-5868804734,power-bi,False,True
gb-5868804734,communication,False,True
gb-5868804734,problem-solving,False,True
gb-5868804739,stakeholder-management,False,True
gb-5868804739,communication,False,True
gb-5868804753,stakeholder-management,False,True
gb-5868804757,sql,False,True
gb-5868804757,excel,False,True
gb-5868804868,sql,True,True
gb-5868804868,power-bi,True,False
gb-5868804868,stakeholder-management,False,True
gb-5868804868,problem-solving,False,True
gb-5868804964,stakeholder-management,False,True
gb-5868804972,excel,False,True
gb-5868804972,communication,False,True
gb-5868804972,problem-solving,False,True
gb-5868804984,agile,False,True
gb-5868804984,stakeholder-management,False,True
gb-5868805062,agile,False,True
gb-5868805062,stakeholder-management,False,True
gb-5868805062,communication,False,True
gb-5868805062,problem-solving,False,True
gb-5868805111,excel,False,True
gb-5868805111,statistics,False,True
gb-5868805425,sql,False,True
gb-5868805425,python,False,True
gb-5868805425,excel,False,True
gb-5868805425,etl,False,True
gb-5868805425,problem-solving,False,True
gb-5868805430,stakeholder-management,False,True
gb-5868805681,python,False,True
gb-5868805681,excel,False,True
gb-5868805681,problem-solving,False,True
gb-5868805768,data-modeling,False,True
gb-5868805871,communication,False,True
gb-5868805873,power-bi,False,True
gb-5868805873,excel,False,True
gb-5868805873,dax,False,True
gb-5868805873,stakeholder-management,False,True
gb-5868805944,sql,False,True
gb-5868805944,power-bi,False,True
gb-5868805944,stakeholder-management,False,True
gb-5868805944,communication,False,True
gb-5868805982,excel,False,True
gb-5868805982,data-modeling,False,True
gb-5868806004,sql,False,True
gb-5868806004,power-bi,False,True
gb-5868806004,azure,False,True
gb-5868806004,etl,False,True
gb-5868806004,stakeholder-management,False,True
gb-5868906185,stakeholder-management,False,True
gb-5868909048,sql,True,True
gb-5868909139,sql,False,True
gb-5868913954,stakeholder-management,False,True
gb-5868917250,excel,False,True
gb-5868919242,stakeholder-management,False,True
gb-5869005150,sql,False,True
gb-5869105942,power-bi,False,True
gb-5869120196,stakeholder-management,False,True
gb-5869120401,excel,False,True
gb-5869150885,agile,False,True
gb-5869152296,power-bi,False,True
gb-5869152296,databricks,False,True
gb-5869157666,agile,False,True
gb-5869180933,sql,False,True
gb-5869180933,power-bi,True,True
gb-5869180933,dax,False,True
gb-5869198302,statistics,False,True
gb-5869442593,stakeholder-management,False,True
gb-5869442717,stakeholder-management,False,True
gb-5869444098,sql,False,True
gb-5869444098,stakeholder-management,False,True
gb-5869444098,communication,False,True
gb-5869444112,stakeholder-management,False,True
gb-5869444131,stakeholder-management,False,True
gb-5869479486,stakeholder-management,False,True
gb-5869493390,sql,False,True
gb-5869493390,data-modeling,False,True
gb-5869493390,stakeholder-management,False,True
gb-5869544669,stakeholder-management,False,True
gb-5869549719,sql,False,True
gb-5869550457,power-bi,True,True
gb-5869554111,sql,True,True
gb-5869554116,sql,False,True
gb-5869559762,stakeholder-management,False,True
gb-5869562897,r,False,True
gb-5869942796,stakeholder-management,False,True
gb-5870432930,stakeholder-management,False,True
gb-5870597643,stakeholder-management,False,True
gb-5870625973,stakeholder-management,False,True
gb-5870741984,stakeholder-management,False,True
gb-5870755983,agile,False,True
gb-5870758339,r,False,True
gb-5870758339,agile,False,True
gb-5870759329,r,False,True
gb-5870760707,agile,False,True
gb-5870766110,stakeholder-management,False,True
gb-5870776356,agile,False,True
gb-5870797719,stakeholder-management,False,True
gb-5870797720,stakeholder-management,False,True
gb-5870884518,stakeholder-management,False,True
gb-5870922540,agile,False,True
gb-5870922540,stakeholder-management,False,True
gb-5871009870,stakeholder-management,False,True
gb-5871014147,snowflake,False,True
gb-5871014147,stakeholder-management,False,True
gb-5871014207,stakeholder-management,False,True
gb-5871023051,stakeholder-management,False,True
gb-5871033540,stakeholder-management,False,True
gb-5871043916,r,False,True
gb-5871135754,stakeholder-management,False,True
gb-5871241488,tableau,False,True
gb-5871241488,stakeholder-management,False,True
gb-5871241488,problem-solving,False,True
gb-5871261504,stakeholder-management,False,True
gb-5871261748,stakeholder-management,False,True
gb-5871306012,stakeholder-management,False,True
gb-5871306012,problem-solving,False,True
gb-5871617311,stakeholder-management,False,True
gb-5871617319,stakeholder-management,False,True
gb-5871838727,power-bi,False,True
gb-5871838727,excel,False,True
gb-5871838730,sql,False,True
gb-5871838730,python,False,True
gb-5871838730,problem-solving,False,True
gb-5871839107,sql,False,True
gb-5871839107,statistics,False,True
gb-5871839379,communication,False,True
gb-5871839519,power-bi,False,True
gb-5871839519,excel,False,True
gb-5871839519,stakeholder-management,False,True
gb-5871839600,sql,False,True
gb-5871839600,tableau,False,True
gb-5871839600,aws,False,True
gb-5871839600,git,False,True
gb-5871839713,statistics,False,True
gb-5871839919,sql,False,True
gb-5871839919,etl,False,True
gb-5871839919,data-modeling,False,True
gb-5871839972,sql,False,True
gb-5871839972,power-bi,False,True
gb-5871839972,tableau,False,True
gb-5871840218,sql,False,True
gb-5871840218,python,False,True
gb-5871840218,azure,False,True
gb-5871840218,data-visualization,False,True
gb-5871840814,sql,False,True
gb-5871840814,python,False,True
gb-5871840814,databricks,False,True
gb-5871840814,spark,False,True
gb-5871840836,sql,False,True
gb-5871840836,etl,False,True
gb-5871840836,data-modeling,False,True
gb-5871840937,sql,False,True
gb-5871840937,python,False,True
gb-5871840937,tableau,False,True
gb-5871840937,data-visualization,False,True
gb-5871840937,problem-solving,False,True
gb-5871840963,sql,False,True
gb-5871840963,communication,False,True
gb-5871840969,sql,True,True
gb-5871840995,stakeholder-management,False,True
gb-5871841062,problem-solving,False,True
gb-5871841154,power-bi,False,True
gb-5871841154,tableau,False,True
gb-5871841198,data-modeling,False,True
gb-5871841199,snowflake,False,True
gb-5871841210,sql,False,True
gb-5871841210,python,False,True
gb-5871841210,tableau,False,True
gb-5871841210,r,False,True
gb-5871841210,snowflake,False,True
gb-5871841210,databricks,False,True
gb-5871841210,spark,False,True
gb-5871841210,etl,False,True
gb-5871841210,data-visualization,False,True
gb-5871841344,communication,False,True
gb-5871841413,statistics,False,True
gb-5871841422,stakeholder-management,False,True
gb-5871841422,communication,False,True
gb-5871841437,agile,False,True
gb-5871841463,sql,False,True
gb-5871841492,power-bi,False,True
gb-5871841492,excel,False,True
gb-5871841492,stakeholder-management,False,True
gb-5871841492,problem-solving,False,True
gb-5871841514,sql,False,True
gb-5871841514,power-bi,False,True
gb-5871841514,excel,False,True
gb-5871841708,excel,False,True
gb-5871841772,stakeholder-management,False,True
gb-5871841772,communication,False,True
gb-5871841772,problem-solving,False,True
gb-5871841854,communication,False,True
gb-5871841854,problem-solving,False,True
gb-5871841893,stakeholder-management,False,True
gb-5871841893,communication,False,True
gb-5871841901,sql,False,True
gb-5871841901,python,False,True
gb-5871841901,r,False,True
gb-5871841901,stakeholder-management,False,True
gb-5872097625,agile,False,True
gb-5872097625,stakeholder-management,False,True
gb-5872120033,agile,False,True
gb-5872123477,stakeholder-management,False,True
gb-5872125014,stakeholder-management,False,True
gb-5872906430,stakeholder-management,False,True
gb-5872971641,sql,False,True
gb-5872971641,power-bi,False,True
gb-5872971641,excel,False,True
gb-5872972849,sql,False,True
gb-5872972849,stakeholder-management,False,True
gb-5873088328,stakeholder-management,False,True
gb-5873157161,stakeholder-management,False,True
gb-5873182087,stakeholder-management,False,True
gb-5873197733,statistics,False,True
gb-5873203012,power-bi,False,True
gb-5873203012,stakeholder-management,False,True
gb-5873239589,stakeholder-management,False,True
gb-5873317407,agile,True,True
gb-5873317407,stakeholder-management,False,True
gb-5873317429,agile,True,True
gb-5873317429,stakeholder-management,False,True
gb-5873326995,stakeholder-management,False,True
gb-5873563158,stakeholder-management,False,True
gb-5873698285,sql,False,True
gb-5873698285,data-modeling,False,True
gb-5873698285,stakeholder-management,False,True
gb-5873710850,stakeholder-management,False,True
gb-5873822433,stakeholder-management,False,True
gb-5874063372,sql,False,True
gb-5874063372,problem-solving,False,True
gb-5874063660,sql,False,True
gb-5874063660,power-bi,False,True
gb-5874131590,sql,True,False
gb-5874131590,power-bi,True,False
gb-5874131590,azure,True,False
gb-5874136549,stakeholder-management,False,True
gb-5874136572,sql,True,False
gb-5874136572,power-bi,True,False
gb-5874136572,excel,True,False
gb-5874136572,data-visualization,False,True
gb-5874136586,data-visualization,False,True
gb-5874139106,communication,False,True
gb-5874164897,stakeholder-management,False,True
gb-5874305309,power-bi,False,True
gb-5874345238,agile,True,False
gb-5874353544,stakeholder-management,False,True
gb-5874376026,stakeholder-management,False,True
gb-5874392526,stakeholder-management,False,True
gb-5874392533,stakeholder-management,False,True
gb-5874418500,excel,False,True
gb-5874418862,stakeholder-management,False,True
gb-5874487851,data-visualization,True,False
gb-5874508666,data-visualization,False,True
gb-5874519937,stakeholder-management,False,True
gb-5875056099,stakeholder-management,False,True
gb-5875056109,stakeholder-management,False,True
gb-5875137396,stakeholder-management,False,True
gb-5875137690,stakeholder-management,False,True
gb-5875322591,stakeholder-management,False,True
gb-5875455900,agile,False,True
gb-5875482639,data-modeling,False,True
gb-5875482639,stakeholder-management,False,True
gb-5875482722,excel,False,True
gb-5875482722,problem-solving,False,True
gb-5875482998,sql,False,True
gb-5875482998,excel,False,True
gb-5875482998,aws,False,True
gb-5875482998,snowflake,False,True
gb-5875482998,data-modeling,False,True
gb-5875482998,agile,False,True
gb-5875482998,stakeholder-management,False,True
gb-5875483163,sql,False,True
gb-5875483163,power-bi,True,True
gb-5875483163,data-modeling,False,True
gb-5875483163,dax,False,True
gb-5875483280,communication,False,True
gb-5875483280,problem-solving,False,True
gb-5875483346,sql,False,True
gb-5875483346,power-bi,False,True
gb-5875483346,tableau,False,True
gb-5875483346,excel,False,True
gb-5875483346,snowflake,False,True
gb-5875483386,sql,False,True
gb-5875483386,power-bi,True,True
gb-5875483386,dax,False,True
gb-5875483386,stakeholder-management,False,True
gb-5875483523,stakeholder-management,False,True
gb-5875483523,communication,False,True
gb-5875483699,stakeholder-management,False,True
gb-5875483699,communication,False,True
gb-5875483699,problem-solving,False,True
gb-5875483765,stakeholder-management,False,True
gb-5875483804,excel,False,True
gb-5875483804,stakeholder-management,False,True
gb-5875483804,communication,False,True
gb-5875483809,python,False,True
gb-5875536107,stakeholder-management,False,True
gb-5875536150,r,False,True
gb-5875592213,power-bi,False,True
gb-5875592730,agile,False,True
gb-5875602046,sql,False,True
gb-5875602046,power-bi,False,True
gb-5875603699,stakeholder-management,False,True
gb-5875603706,agile,False,True
gb-5875604351,stakeholder-management,False,True
gb-5875732973,stakeholder-management,False,True
gb-5875799231,stakeholder-management,False,True
gb-5875799472,stakeholder-management,False,True
gb-5875799480,stakeholder-management,False,True
gb-5875799525,sql,False,True
gb-5875799525,excel,False,True
gb-5875799525,stakeholder-management,False,True
gb-5875799535,stakeholder-management,False,True
gb-5876431926,r,False,True
gb-5876442514,power-bi,True,True
gb-5876535527,stakeholder-management,False,True
gb-5876538521,agile,False,True
gb-5876538521,stakeholder-management,False,True
gb-5876949440,stakeholder-management,False,True
gb-5877052646,agile,False,True
gb-5877052646,stakeholder-management,False,True
gb-5877053529,sql,False,True
gb-5877053529,statistics,False,True
gb-5877053658,communication,False,True
gb-5877053792,sql,False,True
gb-5877053792,stakeholder-management,False,True
gb-5877053792,communication,False,True
gb-5877053826,sql,False,True
gb-5877053826,python,False,True
gb-5877053826,power-bi,False,True
gb-5877053826,aws,False,True
gb-5877053826,etl,False,True
gb-5877053826,data-visualization,False,True
gb-5877053826,git,False,True
gb-5877053826,stakeholder-management,False,True
gb-5877053826,communication,False,True
gb-5877053826,problem-solving,False,True
gb-5877053829,agile,False,True
gb-5877053838,sql,False,True
gb-5877053838,python,False,True
gb-5877053838,r,False,True
gb-5877053838,aws,False,True
gb-5877053838,azure,False,True
gb-5877053838,snowflake,False,True
gb-5877053838,stakeholder-management,False,True
gb-5877053864,excel,False,True
gb-5877053864,stakeholder-management,False,True
gb-5877053885,agile,False,True
gb-5877053885,stakeholder-management,False,True
gb-5877053885,problem-solving,False,True
gb-5877053894,sql,False,True
gb-5877053894,power-bi,False,True
gb-5877053899,sql,True,True
gb-5877053899,power-bi,True,True
gb-5877053899,azure,True,True
gb-5877054292,sql,False,True
gb-5877054292,python,False,True
gb-5877054292,excel,False,True
gb-5877054292,spark,False,True
gb-5877085909,stakeholder-management,False,True
gb-5877123842,power-bi,True,True
gb-5877123885,power-bi,False,True
gb-5877123885,stakeholder-management,False,True
gb-5877128238,stakeholder-management,False,True
gb-5877128630,agile,False,True
gb-5877129043,stakeholder-management,False,True
gb-5877134755,stakeholder-management,False,True
gb-5877162977,stakeholder-management,False,True
gb-5877222773,stakeholder-management,False,True
gb-5877224259,stakeholder-management,False,True
gb-5877354878,sql,False,True
gb-5877354878,power-bi,True,True
gb-5877354878,dax,False,True
gb-5877395892,stakeholder-management,False,True
gb-5877395980,sql,True,True
gb-5877395980,python,True,True
gb-5877395980,data-modeling,False,True
gb-5877439940,stakeholder-management,False,True
gb-5877449133,sql,True,True
gb-5877449133,power-bi,True,True
gb-5877462502,azure,True,True
gb-5877462502,stakeholder-management,False,True
gb-5877475615,sql,False,True
gb-5877475615,python,False,True
gb-5877475615,agile,False,True
gb-5877528452,stakeholder-management,False,True
gb-5877539589,stakeholder-management,False,True
gb-5877552045,azure,False,True
gb-5877618502,stakeholder-management,False,True
gb-5877618564,sql,False,True
gb-5877644326,stakeholder-management,False,True
gb-5877815599,agile,False,True
gb-5878311635,sql,False,True
gb-5878311635,python,False,True
gb-5878311635,power-bi,False,True
gb-5878311635,tableau,False,True
gb-5878311635,excel,False,True
gb-5878311721,excel,False,True
gb-5878311721,stakeholder-management,False,True
gb-5878311812,r,False,True
gb-5878312201,agile,False,True
gb-5878312201,stakeholder-management,False,True
gb-5878312431,stakeholder-management,False,True
gb-5878312442,excel,False,True
gb-5878312442,communication,False,True
gb-5878312442,problem-solving,False,True
gb-5878312587,sql,False,True
gb-5878312587,data-visualization,False,True
gb-5878312790,stakeholder-management,False,True
gb-5878312790,problem-solving,False,True
gb-5878312907,stakeholder-management,False,True
gb-5878312907,communication,False,True
gb-5878312978,sql,True,True
gb-5878312978,excel,False,True
gb-5878312978,communication,False,True
gb-5878312978,problem-solving,False,True
gb-5878313068,agile,False,True
gb-5878313068,stakeholder-management,False,True
gb-5878313068,communication,False,True
gb-5878313089,agile,False,True
gb-5878313619,stakeholder-management,False,True
gb-5878313678,stakeholder-management,False,True
gb-5878313975,stakeholder-management,False,True
gb-5878313988,sql,True,True
gb-5878313988,power-bi,True,False
gb-5878313988,stakeholder-management,False,True
gb-5878313988,problem-solving,False,True
gb-5878314332,power-bi,False,True
gb-5878314332,tableau,False,True
gb-5878314569,stakeholder-management,False,True
gb-5878314573,sql,False,True
gb-5878314573,power-bi,False,True
gb-5878314573,tableau,False,True
gb-5878314848,azure,False,True
gb-5878314848,agile,False,True
gb-5878314848,stakeholder-management,False,True
gb-5878314930,stakeholder-management,False,True
gb-5878315290,stakeholder-management,False,True
gb-5878315290,problem-solving,False,True
gb-5878315314,python,False,True
gb-5878315314,excel,False,True
gb-5878315314,problem-solving,False,True
gb-5878315325,sql,False,True
gb-5878315325,python,False,True
gb-5878315325,databricks,False,True
gb-5878315325,spark,False,True
gb-5878315341,communication,False,True
gb-5878315341,problem-solving,False,True
gb-5878315343,statistics,False,True
gb-5878315390,data-modeling,False,True
gb-5878315856,sql,False,True
gb-5878315856,power-bi,False,True
gb-5878315856,azure,False,True
gb-5878315856,etl,False,True
gb-5878315856,stakeholder-management,False,True
gb-5878315979,problem-solving,False,True
gb-5878316209,power-bi,False,True
gb-5878316209,tableau,False,True
gb-5878316458,statistics,False,True
gb-5878316463,sql,False,True
gb-5878316463,power-bi,False,True
gb-5878316463,tableau,False,True
gb-5878316463,excel,False,True
gb-5878316463,snowflake,False,True
gb-5878316473,agile,False,True
gb-5878316787,sql,False,True
gb-5878316787,power-bi,False,True
gb-5878317321,sql,False,True
gb-5878317321,power-bi,False,True
gb-5878317321,tableau,False,True
gb-5878317321,excel,False,True
gb-5878317321,data-visualization,False,True
gb-5878317321,problem-solving,False,True
gb-5878317570,agile,False,True
gb-5878317570,stakeholder-management,False,True
gb-5878317587,excel,False,True
gb-5878317587,etl,False,True
gb-5878317587,data-modeling,False,True
gb-5878317747,agile,False,True
gb-5878317747,stakeholder-management,False,True
gb-5878317747,communication,False,True
gb-5878317747,problem-solving,False,True
gb-5878317751,stakeholder-management,False,True
gb-5878317838,stakeholder-management,False,True
gb-5878317838,communication,False,True
gb-5878317887,communication,False,True
gb-5878317887,problem-solving,False,True
gb-5878461896,stakeholder-management,False,True
gb-5878485801,stakeholder-management,False,True
gb-5878497715,power-bi,False,True
gb-5878537172,problem-solving,False,True
gb-5878599017,r,False,True
gb-5878599017,stakeholder-management,False,True
gb-5878640871,stakeholder-management,False,True
gb-5878660877,problem-solving,False,True
gb-5878694535,power-bi,False,True
gb-5878701642,stakeholder-management,False,True
gb-5878709579,excel,False,True
gb-5878744446,stakeholder-management,False,True
gb-5878744850,stakeholder-management,False,True
gb-5878796733,stakeholder-management,False,True
gb-5878802595,tableau,True,True
gb-5878802595,data-visualization,False,True
gb-5878820013,stakeholder-management,False,True
gb-5878820014,data-visualization,False,True
gb-5878820014,stakeholder-management,False,True
gb-5878820028,stakeholder-management,False,True
gb-5878831834,stakeholder-management,False,True
gb-5878831886,power-bi,True,False
gb-5878831956,tableau,True,True
gb-5878831956,data-visualization,False,True
gb-5878833745,stakeholder-management,False,True
gb-5878868681,excel,False,True
gb-5878869341,power-bi,False,True
gb-5878871185,data-modeling,False,True
gb-5878871185,data-visualization,False,True
gb-5878873076,azure,False,True
gb-5878873076,stakeholder-management,False,True
gb-5878899633,power-bi,False,True
gb-5879115304,problem-solving,False,True
gb-5879305677,excel,False,True
gb-5879305677,data-visualization,False,True
gb-5879389517,stakeholder-management,False,True
gb-5879498264,stakeholder-management,False,True
gb-5879498302,stakeholder-management,False,True
gb-5879498344,stakeholder-management,False,True
gb-5879498345,stakeholder-management,False,True
gb-5879527920,stakeholder-management,False,True
gb-5879676717,stakeholder-management,False,True
gb-5879749780,data-visualization,False,True
gb-5879774551,sql,False,True
gb-5879774551,power-bi,False,True
gb-5879774551,r,False,True
gb-5879774551,stakeholder-management,False,True
gb-5879821989,power-bi,False,True
gb-5879845290,stakeholder-management,False,True
gb-5879898270,data-modeling,False,True
gb-5879898270,stakeholder-management,False,True
gb-5879940901,stakeholder-management,False,True
gb-5879942598,sql,False,True
gb-5879943695,stakeholder-management,False,True
gb-5880081786,python,False,True
gb-5880097893,stakeholder-management,False,True
gb-5880113492,sql,False,True
gb-5880113492,power-bi,False,True
gb-5880113492,data-modeling,False,True
gb-5880113492,data-visualization,False,True
gb-5880121243,data-modeling,False,True
gb-5880121243,stakeholder-management,False,True
gb-5880121248,aws,False,True
gb-5880121248,stakeholder-management,False,True
gb-5880288648,stakeholder-management,False,True
gb-5880857808,excel,False,True
gb-5880952340,agile,False,True
gb-5880952340,stakeholder-management,False,True
gb-5880952400,stakeholder-management,False,True
gb-5880952400,communication,False,True
gb-5880952400,problem-solving,False,True
gb-5880952519,stakeholder-management,False,True
gb-5880952717,power-bi,False,True
gb-5880952717,data-modeling,False,True
gb-5880952717,statistics,False,True
gb-5880952717,data-visualization,False,True
gb-5880952874,stakeholder-management,False,True
gb-5880952878,sql,False,True
gb-5880952878,python,False,True
gb-5880952878,power-bi,False,True
gb-5880952878,spark,False,True
gb-5880952878,dax,False,True
gb-5880952878,communication,False,True
gb-5881008835,sql,False,True
gb-5881008835,power-bi,False,True
gb-5881008835,databricks,False,True
gb-5881009247,gcp,False,True
gb-5881009247,databricks,False,True
gb-5881103115,stakeholder-management,False,True
gb-5881115271,stakeholder-management,False,True
gb-5881122067,stakeholder-management,False,True
gb-5881131514,stakeholder-management,False,True
gb-5881139485,stakeholder-management,False,True
gb-5881158067,stakeholder-management,False,True
gb-5881182137,agile,False,True
gb-5882072270,excel,False,True
gb-5882587634,sql,False,True
gb-5882587634,problem-solving,False,True
gb-5882590336,agile,False,True
gb-5882590364,communication,False,True
gb-5882590364,problem-solving,False,True
gb-5882755667,r,False,True
gb-5882760315,r,False,True
gb-5882767824,stakeholder-management,False,True
gb-5882771041,stakeholder-management,False,True
gb-5882907369,power-bi,False,True
gb-5882979567,stakeholder-management,False,True
gb-5883116044,statistics,False,True
gb-5883261309,stakeholder-management,False,True
gb-5883468189,stakeholder-management,False,True
gb-5883514610,sql,False,True
gb-5883514610,power-bi,False,True
gb-5883514610,tableau,False,True
gb-5883514610,data-modeling,False,True
gb-5883514610,data-visualization,False,True
gb-5883514610,stakeholder-management,False,True
gb-5883514610,problem-solving,False,True
gb-5883514616,stakeholder-management,False,True
gb-5883514616,communication,False,True
gb-5883561330,stakeholder-management,False,True
gb-5883570356,sql,True,False
gb-5883570356,power-bi,True,False
gb-5883570356,excel,True,False
gb-5883570356,data-visualization,False,True
gb-5883610849,stakeholder-management,False,True
gb-5883610878,data-visualization,False,True
gb-5883610914,sql,True,False
gb-5883610914,power-bi,True,False
gb-5883610914,excel,True,False
gb-5883610914,data-visualization,False,True
gb-5883633787,data-modeling,False,True
gb-5883633787,data-visualization,False,True
gb-5883633788,stakeholder-management,False,True
gb-5883637546,excel,False,True
gb-5883638501,stakeholder-management,False,True
gb-5883673928,stakeholder-management,False,True
gb-5883752290,sql,False,True
gb-5883752290,stakeholder-management,False,True
gb-5883752350,stakeholder-management,False,True
gb-5883771897,stakeholder-management,False,True
gb-5883771921,stakeholder-management,False,True
gb-5883771939,stakeholder-management,False,True
gb-5883771990,stakeholder-management,False,True
gb-5883842046,azure,True,True
gb-5883842046,communication,False,True
gb-5883859360,stakeholder-management,False,True
gb-5883859562,stakeholder-management,False,True
gb-5883869659,stakeholder-management,False,True
gb-5883901350,stakeholder-management,False,True
gb-5883907745,data-modeling,False,True
gb-5883907745,data-visualization,False,True
gb-5883930969,stakeholder-management,False,True
gb-5884161929,machine-learning,False,True
gb-5884331169,stakeholder-management,False,True
gb-5884392541,r,False,True
gb-5884393017,stakeholder-management,False,True
gb-5884412339,tableau,False,True
gb-5884412339,stakeholder-management,False,True
gb-5884412339,problem-solving,False,True
gb-5884534778,excel,False,True
gb-5884534778,communication,False,True
gb-5884534820,sql,False,True
gb-5884534820,gcp,False,True
gb-5884535241,excel,False,True
gb-5884535241,data-modeling,False,True
gb-5884535660,stakeholder-management,False,True
gb-5884535698,communication,False,True
gb-5884622472,stakeholder-management,False,True
gb-5884623536,agile,False,True
gb-5884623658,stakeholder-management,False,True
gb-5884623744,sql,False,True
gb-5884623744,power-bi,False,True
gb-5884640247,stakeholder-management,False,True
gb-5884646804,agile,False,True
gb-5884774224,stakeholder-management,False,True
gb-5884783390,stakeholder-management,False,True
gb-5884860137,stakeholder-management,False,True
gb-5884930797,excel,False,True
gb-5884992250,stakeholder-management,False,True
gb-5885033522,power-bi,False,True
gb-5885033522,stakeholder-management,False,True
gb-5885094319,power-bi,True,True
gb-5885094319,r,False,True
gb-5885094319,stakeholder-management,False,True
gb-5885137275,gcp,True,True
gb-5885138293,stakeholder-management,False,True
gb-5885140617,r,False,True
gb-5885144890,agile,False,True
gb-5885146764,power-bi,False,True
gb-5885146764,stakeholder-management,False,True
gb-5885193281,stakeholder-management,False,True
gb-5885452732,problem-solving,False,True
gb-5885547492,r,False,True
gb-5885589025,problem-solving,False,True
gb-5885651165,r,False,True
gb-5885917730,stakeholder-management,False,True
gb-5885924918,stakeholder-management,False,True
gb-5885977505,stakeholder-management,False,True
gb-5886017033,sql,False,True
gb-5886017033,problem-solving,False,True
gb-5886017173,agile,False,True
gb-5886017173,stakeholder-management,False,True
gb-5886017173,communication,False,True
gb-5886017173,problem-solving,False,True
gb-5886017203,data-modeling,False,True
gb-5886017235,stakeholder-management,False,True
gb-5886017275,stakeholder-management,False,True
gb-5886017340,excel,False,True
gb-5886104392,sql,False,True
gb-5886244148,stakeholder-management,False,True
gb-5886260985,problem-solving,False,True
gb-5886260988,r,False,True
gb-5886404165,stakeholder-management,False,True
gb-5886404242,excel,False,True
gb-5886404377,stakeholder-management,False,True
gb-5886519843,stakeholder-management,False,True
gb-5886556100,sql,False,True
gb-5886556100,python,False,True
gb-5886556100,tableau,False,True
gb-5886556100,snowflake,False,True
gb-5886556110,stakeholder-management,False,True
gb-5886556181,sql,False,True
gb-5886556181,power-bi,False,True
gb-5886571391,power-bi,False,True
gb-5886595734,stakeholder-management,False,True
gb-5886631765,stakeholder-management,False,True
gb-5886631889,r,False,True
gb-5886637537,excel,False,True
gb-5886638494,stakeholder-management,False,True
gb-5886641236,stakeholder-management,False,True
gb-5886642196,azure,True,True
gb-5886642982,sql,False,True
gb-5886871877,stakeholder-management,False,True
gb-5886972346,agile,False,True
gb-5886972346,stakeholder-management,False,True
gb-5886996329,stakeholder-management,False,True
gb-5887308145,excel,False,True
gb-5887462416,stakeholder-management,False,True
gb-5887462518,agile,False,True
gb-5887462518,stakeholder-management,False,True
gb-5887464775,power-bi,False,True
gb-5887472729,agile,True,False
gb-5887643243,power-bi,False,True
gb-5887653468,power-bi,False,True
gb-5887653468,excel,False,True
gb-5887689615,stakeholder-management,False,True
gb-5887948548,stakeholder-management,False,True
gb-5887981794,stakeholder-management,False,True
gb-5887981874,stakeholder-management,False,True
gb-5887981908,stakeholder-management,False,True
gb-5887981941,stakeholder-management,False,True
gb-5887998554,stakeholder-management,False,True
gb-5888087075,power-bi,False,True
gb-5888197991,python,False,True
gb-5888197991,excel,False,True
gb-5888206653,stakeholder-management,False,True
gb-5888219236,stakeholder-management,False,True
gb-5888222866,problem-solving,False,True
gb-5888359387,stakeholder-management,False,True
gb-5888512333,agile,False,True
gb-5888512333,stakeholder-management,False,True
gb-5888522528,sql,False,True
gb-5888522528,power-bi,False,True
gb-5888612608,stakeholder-management,False,True
gb-5888760388,stakeholder-management,False,True
gb-5888760405,stakeholder-management,False,True
gb-5888760415,stakeholder-management,False,True
gb-5888760419,stakeholder-management,False,True
gb-5888760491,stakeholder-management,False,True
gb-5888760530,stakeholder-management,False,True
gb-5888760532,stakeholder-management,False,True
gb-5888760548,stakeholder-management,False,True
gb-5889010838,python,False,True
gb-5889010838,agile,False,True
gb-5889015963,agile,False,True
gb-5889026239,r,False,True
gb-5889027354,stakeholder-management,False,True
gb-5889028501,stakeholder-management,False,True
gb-5889037929,sql,False,True
gb-5889039373,machine-learning,True,True
gb-5889156441,stakeholder-management,False,True
gb-5889226377,agile,False,True
gb-5889226377,stakeholder-management,False,True
gb-5889288242,agile,False,True
gb-5889288242,stakeholder-management,False,True
gb-5889292774,stakeholder-management,False,True
gb-5889376654,stakeholder-management,False,True
gb-5889389433,stakeholder-management,False,True
gb-5889389435,power-bi,False,True
gb-5889479740,gcp,True,False
gb-5889502919,agile,False,True
gb-5889502919,stakeholder-management,False,True
gb-5889502989,stakeholder-management,False,True
gb-5889543209,power-bi,False,True
gb-5889543209,excel,False,True
gb-5889552184,r,False,True
gb-5889647016,power-bi,True,True
gb-5889690525,power-bi,False,True
gb-5889704893,data-modeling,False,True
gb-5889704893,stakeholder-management,False,True
gb-5889719771,power-bi,False,True
gb-5889719771,excel,False,True
gb-5889790174,stakeholder-management,False,True
gb-5889793077,stakeholder-management,False,True
gb-5889793077,communication,False,True
gb-5889799193,stakeholder-management,False,True
gb-5889901835,stakeholder-management,False,True
gb-5890213622,data-visualization,False,True
gb-5890387981,statistics,False,True
gb-5890394855,agile,False,True
gb-5890395655,stakeholder-management,False,True
gb-5890395895,stakeholder-management,False,True
gb-5890397112,sql,False,True
gb-5890397112,python,False,True
gb-5890397112,power-bi,False,True
gb-5890525372,excel,False,True
gb-5890525372,stakeholder-management,False,True
gb-5890525418,power-bi,False,True
gb-5890525584,agile,False,True
gb-5890525584,stakeholder-management,False,True
gb-5890525749,agile,False,True
gb-5890525749,stakeholder-management,False,True
gb-5890525912,sql,False,True
gb-5890525912,power-bi,False,True
gb-5890525912,excel,False,True
gb-5890526193,stakeholder-management,False,True
gb-5890526193,communication,False,True
gb-5890526193,problem-solving,False,True
gb-5890526290,sql,False,True
gb-5890526290,power-bi,False,True
gb-5890526290,data-modeling,False,True
gb-5890526531,agile,False,True
gb-5890526531,stakeholder-management,False,True
gb-5890526677,excel,False,True
gb-5890526677,communication,False,True
gb-5890526677,problem-solving,False,True
gb-5890526879,agile,False,True
gb-5890526879,stakeholder-management,False,True
gb-5890526879,problem-solving,False,True
gb-5890527135,sql,False,True
gb-5890527135,python,False,True
gb-5890527135,excel,False,True
gb-5890527135,etl,False,True
gb-5890527135,problem-solving,False,True
gb-5890527302,stakeholder-management,False,True
gb-5890528220,sql,False,True
gb-5890528220,communication,False,True
gb-5890528316,sql,False,True
gb-5890528316,power-bi,False,True
gb-5890528316,stakeholder-management,False,True
gb-5890528316,communication,False,True
gb-5890528333,sql,True,True
gb-5890528366,stakeholder-management,False,True
gb-5890528547,sql,False,True
gb-5890528547,python,False,True
gb-5890528547,tableau,False,True
gb-5890528547,r,False,True
gb-5890528547,snowflake,False,True
gb-5890528547,databricks,False,True
gb-5890528547,spark,False,True
gb-5890528547,etl,False,True
gb-5890528547,data-visualization,False,True
gb-5890528651,stakeholder-management,False,True
gb-5890528651,communication,False,True
gb-5890528668,power-bi,False,True
gb-5890528668,excel,False,True
gb-5890528668,stakeholder-management,False,True
gb-5890528668,problem-solving,False,True
gb-5890528706,agile,False,True
gb-5890528752,sql,False,True
gb-5890528752,power-bi,False,True
gb-5890528752,excel,False,True
gb-5890528900,agile,False,True
gb-5890528905,stakeholder-management,False,True
gb-5890528905,communication,False,True
gb-5890528943,stakeholder-management,False,True
gb-5890528981,agile,False,True
gb-5890528981,stakeholder-management,False,True
gb-5890528981,problem-solving,False,True
gb-5890529009,sql,False,True
gb-5890529009,python,False,True
gb-5890529009,power-bi,False,True
gb-5890529009,aws,False,True
gb-5890529009,etl,False,True
gb-5890529009,data-visualization,False,True
gb-5890529009,git,False,True
gb-5890529009,stakeholder-management,False,True
gb-5890529009,communication,False,True
gb-5890529009,problem-solving,False,True
gb-5890529204,communication,False,True
gb-5890529204,problem-solving,False,True
gb-5890529399,power-bi,False,True
gb-5890529399,data-modeling,False,True
gb-5890529399,statistics,False,True
gb-5890529399,data-visualization,False,True
gb-5890529610,stakeholder-management,False,True
gb-5890529878,agile,False,True
gb-5890529883,stakeholder-management,False,True
gb-5890529883,communication,False,True
gb-5890530015,communication,False,True
gb-5890530134,agile,False,True
gb-5890530134,stakeholder-management,False,True
gb-5890530134,communication,False,True
gb-5890530134,problem-solving,False,True
gb-5890530158,data-modeling,False,True
gb-5890530227,stakeholder-management,False,True
gb-5890530275,stakeholder-management,False,True
gb-5890530275,communication,False,True
gb-5890530336,stakeholder-management,False,True
gb-5890530339,sql,False,True
gb-5890530339,python,False,True
gb-5890530339,tableau,False,True
gb-5890530339,azure,False,True
gb-5890530339,snowflake,False,True
gb-5890530394,problem-solving,False,True
gb-5890530507,agile,False,True
gb-5890530696,sql,False,True
gb-5890530696,power-bi,False,True
gb-5890530696,agile,False,True
gb-5890530696,problem-solving,False,True
gb-5890530752,sql,False,True
gb-5890530752,stakeholder-management,False,True
gb-5890530752,communication,False,True
gb-5890530753,sql,False,True
gb-5890530753,python,False,True
gb-5890530753,r,False,True
gb-5890530753,gcp,False,True
gb-5890530753,machine-learning,False,True
gb-5890530822,stakeholder-management,False,True
gb-5890530872,power-bi,False,True
gb-5890530872,tableau,False,True
gb-5890530872,excel,False,True
gb-5890530902,sql,False,True
gb-5890530902,power-bi,False,True
gb-5890530902,excel,False,True
gb-5890530902,stakeholder-management,False,True
gb-5890530911,excel,False,True
gb-5890530911,stakeholder-management,False,True
gb-5890530913,stakeholder-management,False,True
gb-5890530947,power-bi,False,True
gb-5890530947,dax,False,True
gb-5890530947,statistics,False,True
gb-5890530968,agile,False,True
gb-5890530968,stakeholder-management,False,True
gb-5890531024,power-bi,False,True
gb-5890531024,dax,False,True
gb-5890531024,statistics,False,True
gb-5890784357,stakeholder-management,False,True
gb-5891073212,power-bi,False,True
gb-5891073212,excel,False,True
gb-5891452432,stakeholder-management,False,True
gb-5891552789,r,False,True
gb-5891553326,stakeholder-management,False,True
gb-5891554240,stakeholder-management,False,True
gb-5891554871,stakeholder-management,False,True
gb-5891555246,stakeholder-management,False,True
gb-5891558614,data-modeling,False,True
gb-5891558614,data-visualization,False,True
gb-5891559895,stakeholder-management,False,True
gb-5891560643,stakeholder-management,False,True
gb-5891562240,stakeholder-management,False,True
gb-5891622684,communication,False,True
gb-5891622684,problem-solving,False,True
gb-5891622920,sql,False,True
gb-5891622920,power-bi,False,True
gb-5891624267,power-bi,False,True
gb-5891624267,tableau,False,True
gb-5891624267,excel,False,True
gb-5891624267,data-visualization,False,True
gb-5891624267,communication,False,True
gb-5891624267,problem-solving,False,True
gb-5891624317,communication,False,True
gb-5891920459,stakeholder-management,False,True
gb-5892049038,stakeholder-management,False,True
gb-5892271980,stakeholder-management,False,True
gb-5892660162,agile,False,True
gb-5892678247,power-bi,False,True
gb-5892744449,power-bi,False,True
gb-5892807444,stakeholder-management,False,True
gb-5892836096,stakeholder-management,False,True
gb-5892851025,power-bi,False,True
gb-5892851025,excel,False,True
gb-5892851099,stakeholder-management,False,True
gb-5892851178,sql,True,False
gb-5892851178,power-bi,True,False
gb-5892851178,excel,True,False
gb-5892851178,data-visualization,False,True
gb-5892851224,stakeholder-management,False,True
gb-5892954379,stakeholder-management,False,True
gb-5893051193,stakeholder-management,False,True
gb-5893116201,r,False,True
gb-5893116201,stakeholder-management,False,True
gb-5893128484,databricks,False,True
gb-5893170661,stakeholder-management,False,True
gb-5893171051,stakeholder-management,False,True
gb-5893318595,agile,False,True
gb-5893318734,agile,False,True
gb-5893600653,power-bi,False,True
gb-5893600653,data-visualization,False,True
gb-5893746107,data-modeling,True,False
gb-5893832680,stakeholder-management,False,True
gb-5893861432,excel,False,True
gb-5893861432,communication,False,True
gb-5893861445,sql,False,True
gb-5893861445,power-bi,False,True
gb-5893861445,stakeholder-management,False,True
gb-5893862566,r,False,True
gb-5893862566,stakeholder-management,False,True
gb-5893862658,sql,False,True
gb-5893862658,python,False,True
gb-5893862658,power-bi,False,True
gb-5893862658,excel,False,True
gb-5893862658,snowflake,False,True
gb-5893862658,communication,False,True
gb-5893862698,sql,False,True
gb-5893862698,stakeholder-management,False,True
gb-5893862698,communication,False,True
gb-5893862774,stakeholder-management,False,True
gb-5893862774,communication,False,True
gb-5893864281,agile,False,True
gb-5893864281,stakeholder-management,False,True
gb-5893912829,stakeholder-management,False,True
gb-5893960051,stakeholder-management,False,True
gb-5893986318,stakeholder-management,False,True
gb-5893997718,sql,False,True
gb-5894155168,stakeholder-management,False,True
gb-5894160115,stakeholder-management,False,True
gb-5894185753,stakeholder-management,False,True
gb-5894186023,sql,False,True
gb-5894230929,agile,False,True
gb-5894261439,stakeholder-management,False,True
gb-5894273903,power-bi,False,True
gb-5894303922,azure,True,True
gb-5894312755,stakeholder-management,False,True
gb-5894312883,stakeholder-management,False,True
gb-5894312905,stakeholder-management,False,True
gb-5894312924,data-modeling,False,True
gb-5894312924,data-visualization,False,True
gb-5894314167,sql,True,True
gb-5894314167,power-bi,True,True
gb-5894315204,stakeholder-management,False,True
gb-5894337297,stakeholder-management,False,True
gb-5894385481,sql,False,True
gb-5894762080,sql,False,True
gb-5895091743,sql,False,True
gb-5895091743,power-bi,False,True
gb-5895091803,sql,False,True
gb-5895091803,stakeholder-management,False,True
gb-5895091873,sql,False,True
gb-5895091873,power-bi,False,True
gb-5895091873,azure,False,True
gb-5895091873,data-modeling,False,True
gb-5895091873,dax,False,True
gb-5895091873,git,False,True
gb-5895161555,stakeholder-management,False,True
gb-5895161556,stakeholder-management,False,True
gb-5895205733,power-bi,True,True
gb-5895228835,r,False,True
gb-5895229078,agile,False,True
gb-5895229194,stakeholder-management,False,True
gb-5895268786,stakeholder-management,False,True
gb-5895369781,stakeholder-management,False,True
gb-5895557994,stakeholder-management,False,True
gb-5895558063,sql,True,False
gb-5895558063,power-bi,True,False
gb-5895558063,excel,True,False
gb-5895558063,data-visualization,False,True
gb-5895558065,data-visualization,False,True
gb-5895660824,stakeholder-management,False,True
gb-5895662224,r,False,True
gb-5895740146,r,False,True
gb-5895808852,stakeholder-management,False,True
gb-5895846526,sql,False,True
gb-5896103219,sql,False,True
gb-5896256325,stakeholder-management,False,True
gb-5896256326,stakeholder-management,False,True
gb-5896256328,stakeholder-management,False,True
gb-5896256330,stakeholder-management,False,True
gb-5896614608,stakeholder-management,False,True
gb-5896691067,sql,False,True
gb-5896691067,data-visualization,False,True
gb-5896691067,stakeholder-management,False,True
gb-5896691067,communication,False,True
gb-5896691289,sql,False,True
gb-5896691289,python,False,True
gb-5896691289,power-bi,False,True
gb-5896691289,tableau,False,True
gb-5896691289,excel,False,True
gb-5896691322,r,False,True
gb-5896691339,agile,False,True
gb-5896691339,stakeholder-management,False,True
gb-5896691339,communication,False,True
gb-5896691339,problem-solving,False,True
gb-5896691358,agile,False,True
gb-5896691358,stakeholder-management,False,True
gb-5896691802,stakeholder-management,False,True
gb-5896691804,stakeholder-management,False,True
gb-5896691804,communication,False,True
gb-5896691804,problem-solving,False,True
gb-5896691928,agile,False,True
gb-5896691928,stakeholder-management,False,True
gb-5896691945,stakeholder-management,False,True
gb-5896692440,data-modeling,False,True
gb-5896692455,stakeholder-management,False,True
gb-5896692455,problem-solving,False,True
gb-5896692462,python,False,True
gb-5896692462,excel,False,True
gb-5896692462,problem-solving,False,True
gb-5896692644,communication,False,True
gb-5896692644,problem-solving,False,True
gb-5896693370,agile,False,True
gb-5896693370,stakeholder-management,False,True
gb-5896693460,excel,False,True
gb-5896693460,etl,False,True
gb-5896693460,data-modeling,False,True
gb-5896693462,stakeholder-management,False,True
gb-5896693485,agile,False,True
gb-5896693485,stakeholder-management,False,True
gb-5896693485,communication,False,True
gb-5896693485,problem-solving,False,True
gb-5896693610,communication,False,True
gb-5896693610,problem-solving,False,True
gb-5896693659,power-bi,False,True
gb-5896693659,data-modeling,False,True
gb-5896693659,statistics,False,True
gb-5896693659,data-visualization,False,True
gb-5896694024,stakeholder-management,False,True
gb-5896694132,stakeholder-management,False,True
gb-5896694366,stakeholder-management,False,True
gb-5896694440,problem-solving,False,True
gb-5896694644,sql,False,True
gb-5896694644,power-bi,False,True
gb-5896694644,agile,False,True
gb-5896694644,problem-solving,False,True
gb-5896694800,sql,False,True
gb-5896694800,python,False,True
gb-5896694800,r,False,True
gb-5896694800,gcp,False,True
gb-5896694800,machine-learning,False,True
gb-5896694828,excel,False,True
gb-5896694828,stakeholder-management,False,True
gb-5896694843,power-bi,False,True
gb-5896694843,tableau,False,True
gb-5896694843,excel,False,True
gb-5896694898,power-bi,False,True
gb-5896694898,dax,False,True
gb-5896694898,statistics,False,True
gb-5896694995,sql,False,True
gb-5896694995,stakeholder-management,False,True
gb-5896694995,communication,False,True
gb-5896695134,sql,False,True
gb-5896695134,stakeholder-management,False,True
gb-5896695139,stakeholder-management,False,True
gb-5896695139,communication,False,True
gb-5896695253,stakeholder-management,False,True
gb-5896695253,problem-solving,False,True
gb-5896695285,sql,False,True
gb-5896695285,power-bi,False,True
gb-5896695392,sql,False,True
gb-5896695392,python,False,True
gb-5896695392,r,False,True
gb-5896695392,dax,False,True
gb-5896695461,stakeholder-management,False,True
gb-5896695475,stakeholder-management,False,True
gb-5896695475,communication,False,True
gb-5896695475,problem-solving,False,True
gb-5896695488,stakeholder-management,False,True
gb-5896739072,sql,False,True
gb-5896745938,agile,False,True
gb-5896745938,stakeholder-management,False,True
gb-5896796239,stakeholder-management,False,True
gb-5896796534,stakeholder-management,False,True
gb-5896913112,power-bi,False,True
gb-5896914445,stakeholder-management,False,True
gb-5896921930,power-bi,False,True
gb-5896922461,r,False,True
gb-5896924061,statistics,False,True
gb-5896924755,stakeholder-management,False,True
gb-5896927739,azure,False,True
gb-5896928740,stakeholder-management,False,True
gb-5897084251,stakeholder-management,False,True
gb-5897084505,stakeholder-management,False,True
gb-5897105032,stakeholder-management,False,True
gb-5897105076,stakeholder-management,False,True
gb-5897105092,stakeholder-management,False,True
gb-5897107142,excel,True,True
gb-5897240260,excel,False,True
gb-5897281841,power-bi,False,True
gb-5897281850,stakeholder-management,False,True
gb-5897290098,stakeholder-management,False,True
gb-5897300061,stakeholder-management,False,True
gb-5897300150,stakeholder-management,False,True
gb-5897300196,sql,False,True
gb-5897300293,sql,False,True
gb-5897300293,power-bi,False,True
gb-5897334017,agile,True,False
gb-5897334025,stakeholder-management,False,True
gb-5897394339,stakeholder-management,False,True
gb-5897401092,stakeholder-management,False,True
gb-5897401276,sql,False,True
gb-5897401276,power-bi,False,True
gb-5898219314,agile,False,True
gb-5898221587,agile,False,True
gb-5898221587,stakeholder-management,False,True
gb-5898221587,communication,False,True
gb-5898221601,stakeholder-management,False,True
gb-5898221683,stakeholder-management,False,True
gb-5898221694,stakeholder-management,False,True
gb-5898221701,communication,False,True
gb-5898228188,power-bi,True,True
gb-5898228188,stakeholder-management,False,True
gb-5898319037,data-modeling,False,True
gb-5898319037,stakeholder-management,False,True
gb-5898370508,stakeholder-management,False,True
gb-5898373192,power-bi,True,True
gb-5898373192,stakeholder-management,False,True
gb-5898373703,communication,False,True
gb-5898374645,agile,False,True
gb-5898376575,stakeholder-management,False,True
gb-5898377234,stakeholder-management,False,True
gb-5898382316,problem-solving,False,True
gb-5898544141,stakeholder-management,False,True
gb-5898552107,agile,False,True
gb-5898552297,sql,False,True
gb-5898552297,python,False,True
gb-5898552297,power-bi,False,True
gb-5898564136,stakeholder-management,False,True
gb-5898565261,stakeholder-management,False,True
gb-5898618621,sql,False,True
gb-5898618621,power-bi,True,True
gb-5898618621,dax,False,True
gb-5898669312,stakeholder-management,False,True
gb-5898675794,stakeholder-management,False,True
gb-5898717419,stakeholder-management,False,True
gb-5898717421,stakeholder-management,False,True
gb-5898786576,aws,False,True
gb-5898791403,aws,False,True
gb-5899012074,problem-solving,False,True
gb-5899012129,agile,False,True
gb-5899012129,stakeholder-management,False,True
gb-5899012129,communication,False,True
gb-5899012132,stakeholder-management,False,True
gb-5899012132,communication,False,True
gb-5899012132,problem-solving,False,True
gb-5899014769,stakeholder-management,False,True
gb-5899015290,r,False,True
gb-5899024914,statistics,False,True
gb-5899337445,stakeholder-management,False,True
gb-5899337447,stakeholder-management,False,True
gb-5899372634,sql,False,True
gb-5899588932,agile,False,True
gb-5899588932,stakeholder-management,False,True
gb-5899588932,communication,False,True
gb-5899589189,sql,False,True
gb-5899589189,gcp,False,True
gb-5899590507,power-bi,False,True
gb-5899591582,stakeholder-management,False,True
gb-5899591582,communication,False,True
gb-5899591582,problem-solving,False,True
gb-5899592137,sql,False,True
gb-5899592137,python,False,True
gb-5899592137,excel,False,True
gb-5899592137,spark,False,True
gb-5899593083,agile,False,True
gb-5899593083,stakeholder-management,False,True
gb-5899594641,agile,False,True
gb-5899594641,stakeholder-management,False,True
gb-5899595188,stakeholder-management,False,True
gb-5899595194,power-bi,True,True
gb-5899595194,azure,False,True
gb-5899595289,sql,False,True
gb-5899595289,power-bi,False,True
gb-5899595289,excel,False,True
gb-5899595289,communication,False,True
gb-5899595289,problem-solving,False,True
