company_key,company_name,company_disclosed,country_key
co-77c8c6c866bbe404,3AP AG,True,ch
co-2807a34b88398154,AMAG Group AG,True,ch
co-c80479acd5b49910,Academic Work Switzerland SA,True,ch
co-a9d0e1c491fca847,Air Apps,True,ch
co-a0beaa6142c5d3f6,Akros AG,True,ch
co-7b4819c2f158b74e,Albedis - Genève,True,ch
co-c6b227d025214fef,Aldi,True,ch
co-2f7ebfdfbcbe2243,Assura,True,ch
co-419edc950337ef56,Ausgleichskasse des Kantons Bern,True,ch
co-230711625005a226,Autovermietung ZH GmbH,True,ch
co-e92150baf0959b59,Avacone,True,ch
co-3756ad463dfb9f99,Avaloq,True,ch
co-56042c9224a25336,BKW Energie AG,True,ch
co-cb741a98466c4e0c,BUSINESSCOM AG,True,ch
co-38bbe6d495df3d49,Bank CIC AG,True,ch
co-384166049cfb5f69,Bank J. Safra Sarasin,True,ch
co-2c1bb70ec016f0ec,Bank Vontobel,True,ch
co-8a9d866d7c79a456,Basellandschaftliche Gebäudeversicherung,True,ch
co-020eaeb8e71f722f,Bedag Informatik AG,True,ch
co-f8b15e1facf1515f,Blockstream,True,ch
co-8f677e57e060f97c,Boxtop AG,True,ch
co-588ea422fb76583a,CURENTIS,True,ch
co-6f0c0def928305b3,Capco,True,ch
co-7b47814617a147a0,Centris AG,True,ch
co-8f7e327750a08ba0,Chanel,True,ch
co-30d85ed3d8c8c6d4,Coopers Group AG,True,ch
co-8e8c038976ca5f26,DNA325,True,ch
co-9949841eabf67e70,Dein Einstieg bei Ironforge,True,ch
co-b65888888611a7e1,Deloitte,True,ch
co-e3cbf6e6d5897b2c,Deloitte AG,True,ch
co-6bab286a09e967e6,Dialectic,True,ch
co-734e31d375f1e447,E. Weber & Cie AG,True,ch
co-2cda43214aa33b20,EFG Bank,True,ch
co-35eca8e7eb61855b,ELCA,True,ch
co-6a5cc4b253fde86f,ESPRIT Netzwerk AG,True,ch
co-d4b42b6b97be808d,Ekkiden,True,ch
co-355912f00fc42290,Enova Consulting,True,ch
co-8ed2c39bd4f3bf05,Eraneos,True,ch
co-79d1a7fee1a0c455,Expleo,True,ch
co-e6dd400e3a181567,Fincons Group,True,ch
co-b933db6efd6c2193,Finders,True,ch
co-70de4c1881793dcd,Finders SA,True,ch
co-c62ec9f82a44c946,Fit1Job SA,True,ch
co-b31963161ebe5b1b,"G. et F. Châtelain, succursale de Chanel SARL",True,ch
co-5d778d687de3af8c,Garda Capital Partners,True,ch
co-45132ac351a8944d,Givaudan,True,ch
co-7b231e8bb492bb0e,Helen of Troy,True,ch
co-ec001fe166c515b1,Helsana Versicherungen AG,True,ch
co-d6e35176974898ff,INTEGRA Biosciences AG,True,ch
co-84a9324b4372f225,ITech Consult AG,True,ch
co-564eafcd1e0eb76d,Infinity Quest UK,True,ch
co-323edb298fa3e60b,Integraal Data Services,True,ch
co-16c66d849c6294ef,InvestCloud Careers,True,ch
co-53d49b960050d2a3,Ironforge Consulting AG,True,ch
co-344e12b27c9ebbe6,Itecor,True,ch
co-d624528e8e474a36,Jaeger et Bosshard SA,True,ch
co-af97371e9c4bd056,Job-Room,True,ch
co-07e09b19ee66a22f,Jobgether,True,ch
co-8bf77f980a277533,Julius Baer,True,ch
co-4ea8a844eb2302de,Kanton Basel-Stadt Finanzdepartement,True,ch
co-7410f6ca1a9adc96,Kantonale Verwaltung Zürich,True,ch
co-c826a0277510377e,Kantonsspital Baden,True,ch
co-eb0ad904767d5dc1,LGT Capital Partners,True,ch
co-b8c7a74fa921f7ae,LGT Capital Partners AG,True,ch
co-9bce0971730781d1,"LGT Capital Partners AG, Pfaeffikon",True,ch
co-f9524aa2c68d6997,LIOM,True,ch
co-b2a6125b35b3d3df,LLB - Liechtensteinische Landesbank AG,True,ch
co-3139ef97f190bd47,Liebherr,True,ch
co-4fa51ebd4ec99a8d,Lombard Odier,True,ch
co-b8d6c787fb59943c,MSC Mediterranean Shipping Company,True,ch
co-fe2fca6b0f5288fd,Manpower,True,ch
co-a9228267720f069d,Masimo,True,ch
co-e7727caa5e163d21,Michael Page,True,ch
co-fffeb9cf57d1c2f3,Movetia - Austausch und Mobilität,True,ch
co-34ac2c06e14b8afb,Movetia échanges et mobilité,True,ch
co-5a82d535e3ffd622,Nava Consulting SA,True,ch
co-749539bbaa9cac1f,PROSTAFF Schweiz GmbH,True,ch
co-d19793f350b068f8,Pistor AG,True,ch
co-1418a2d60797423e,Planzer,True,ch
co-e2f74fc8f6f1f76d,Pro Informatik AG,True,ch
co-d652c162f9eab0e2,Psychiatrische Universitätsklinik Zürich,True,ch
co-2011183bd4c8b9b0,RM IT Professional Resources AG,True,ch
co-7832397eee8caf24,Randstad,True,ch
co-5e6d73cad955ab42,Richemont,True,ch
co-089d273443d4c62a,Roche,True,ch
co-f5a034d57ce9299d,Ronda AG,True,ch
co-5a0603b43f0c8e8e,SIX Group,True,ch
co-2831b617224967f5,SIX Group AG,True,ch
co-b0cf0924d2ff4925,SQLI CH,True,ch
co-0e03e076e172a438,SThree Germany,True,ch
co-1aa9f421ec49bfc8,Signal AG,True,ch
co-2a8bdf0e2f1af942,Slipstream IT,True,ch
co-f2478437ec0ac3ad,Sopra Steria,True,ch
co-4e01bf2d01b59c86,Sopra Steria AG,True,ch
co-210c664cb4988188,SpeciTec SA,True,ch
co-e66bb9820e4ce843,Stadt Bülach,True,ch
co-240fb58a676b196c,Swiss Medical Network,True,ch
co-617a9445bc83c719,Swisslinx AG,True,ch
co-b85d39e04023c7bb,Talan,True,ch
co-e61ed7b8238641e9,TechBiz Global GmbH,True,ch
co-e9cb2a3251cecea1,Telus Digital,True,ch
co-32a50c22753c9130,Thoma & Partner Management Consulting AG,True,ch
co-72da526e34446196,Thommen Services AG,True,ch
co-ab3897bba4fa8b6a,Touring Club Suisse,True,ch
co-3d4dd958e330fc67,"Urs Ledermann & Partner AG, Bern",True,ch
co-e931bff23fa143f9,VP Bank AG,True,ch
co-ce7ca98ee896b67d,Vaudoise Assurances,True,ch
co-6eee2bdf1924cf40,Vaudoise RH,True,ch
co-2e931dcdfb371f16,Vitol,True,ch
co-a9fdf6f6c659fd73,Waters,True,ch
co-9a23a76875907c69,Wavestone Germany AG,True,ch
co-2d5a320fce20781f,Wit Partners,True,ch
co-9769c7812f2ae08d,Würth AG,True,ch
co-ddbb163044fbf4d4,Xmatik AG,True,ch
co-deed271d9fd9908c,Zürcher Kantonalbank und ihre Tochtergesellschaften,True,ch
co-bb1bcdd4688a0d71,Zürich Versicherungs-Gesellschaft AG / Zurich Insurance Company Ltd / Zurich Compagnie d'Assurances SA,True,ch
co-ddd6f478b7063a19,comparis Gruppe,True,ch
co-c872a0fbebe002f5,der KSG Gruppe,True,ch
co-ef6bd2140fed4649,e3 AG,True,ch
co-777be36152fcf255,eClerx,True,ch
co-3b63c54bedaf5e5c,ewb Energie Wasser Bern,True,ch
co-fdc98be9b0a55602,p4b,True,ch
co-9d8c369403899a75,p4b ag,True,ch
co-f5dc3ff4d07ac750,vector8,True,ch
co-f8e62acb6940433b,ÖKK Holding AG,True,ch
co-8b75e1f134a3b350,1GLOBAL,True,de
co-2b014afa2ababc8e,21strategies GmbH,True,de
co-9667bac4b5f7bc89,23DATA GmbH,True,de
co-ac6dd3b0eea46478,8R,True,de
co-83afed747f67df63,ABEKING & RASMUSSEN Schiffs- und Yachtwerft SE,True,de
co-305ed2c33a8aed7b,AERO HighProfessionals GmbH,True,de
co-bd23ab34a72e7d4f,AERTiCKET Group,True,de
co-695f0edb3405bde8,AIDA Cruises,True,de
co-58b0835770be1f53,AIRBUS HELICOPTERS DEUTSCHLAND GmbH,True,de
co-3d14df924752e785,ALBA Management GmbH,True,de
co-2bfb95ed7e8a0253,ALBA plc. & Co. KG,True,de
co-1f9369d8c2fb03a2,ALH Gruppe,True,de
co-6e06dfd9cf7498ec,ALL IN GROUP GmbH,True,de
co-ff77c145277481cf,ALTEN,True,de
co-9b7ac66c427dae02,ALTO Wealth,True,de
co-bc0f14c5261d0581,APRIORI – BUSINESS SOLUTIONS AG,True,de
co-85efdf3112b79220,ARD ZDF Deutschlandradio Beitragsservice,True,de
co-fae7400e77448502,ASS Athletic Sport Sponsoring GmbH,True,de
co-8a8a631136fb0e28,AXA,True,de
co-6a7380d27807caa0,AXA Konzern AG,True,de
co-571c090e69ae2bad,Aareal Bank AG,True,de
co-26739134688ff9bc,Accenture,True,de
co-8dd45f7cff40dca4,AccountOne GmbH,True,de
co-117302073e15fe85,Advantest Europe GmbH,True,de
co-000718f2249f3cd0,Air Apps,True,de
co-b2c19bbd7dc21886,Airbus,True,de
co-682785ace924f1dc,Akkodis,True,de
co-4e129661df557719,Aktion Mensch e. V.,True,de
co-23616e9b6e6655f6,Alacris Theranostics GmbH,True,de
co-f47623eced4fbfd6,Albert Schweitzer Stiftung für unsere Mitwelt,True,de
co-24c4394bb64b5a75,Allgeier IT GmbH,True,de
co-ef65cd5c15e2b727,Allianz,True,de
co-dd09f297b3bb7b72,Allianz Digital Health GmbH,True,de
co-f59d7620328b3a55,Allianz Private Krankenversicherungs-AG,True,de
co-ccd7304fa0d8b420,Almetra,True,de
co-3c2c09b8d64c6b35,Alpenwerk Group,True,de
co-e7c8e81f37168145,Amadeus Fire AG,True,de
co-846fe7314a2da13b,Amazon,True,de
co-6390d4769a5e92cf,Apleona Group,True,de
co-f2807816b20ac37e,ApoVid GmbH,True,de
co-2cd0e3444e89bcd4,Archer Daniels Midland,True,de
co-ac69085861319eef,Argo Aviation,True,de
co-d9b678468a89c9f5,Argo Aviation GmbH - Hamburg,True,de
co-2dd3e338116b89af,Atlas Copco Group,True,de
co-29976521a1c3e3cf,Atruvia,True,de
co-dd9f9c8442f656db,Atruvia AG,True,de
co-e938f5db74b5c9c1,Avaloq,True,de
co-199d49a9c1fd583b,Azolver,True,de
co-8c4fda4b2b7ebf07,BAUAKADEMIE Unternehmensgruppe GmbH,True,de
co-00af1cc69f53d514,BBC Cellpack GmbH,True,de
co-519e591fcbb9adde,BGS Solutions GmbH,True,de
co-b1ea7c87599119bc,BNP Paribas S.A.,True,de
co-2432c0b4e6886f6b,BREUER Nachrichtentechnik,True,de
co-1b6363f2f300bac2,BREUER Nachrichtentechnik GmbH,True,de
co-9744ce7af1252725,BRINK Group,True,de
co-d8a7dccb8a53b4b6,Barilla,True,de
co-600683a7cb74003a,Bechtle,True,de
co-acb66e367707a7aa,Bettermile,True,de
co-6b3d5bf4248b1121,Black Semiconductor,True,de
co-5d226bbda18c0f1f,Booz Allen Hamilton,True,de
co-7e1604ea342f5c51,Bosch Group,True,de
co-28540e4f5e23f405,Bosch Gruppe,True,de
co-b555fb62014d1487,CGI,True,de
co-fc1e5ecb02d6dd0b,CHECK24 Vergleichsportal,True,de
co-d37530c767413247,CITTI Handelsgesellschaft mbH u. Co. KG,True,de
co-92ed1be66c2ada83,CROWDCONSULTANTS,True,de
co-4c1accb6b311454c,Cafeyn,True,de
co-dce7842bb4055235,Capgemini,True,de
co-f1be9290ece5403d,Careerwise UK,True,de
co-373c00c0af714cc9,Caritas gGmbH St. Heinrich und Kunigunde,True,de
co-1ed9d2f84dd7f023,Caspar Health,True,de
co-a7b13c208bbd3279,Cheil Germany GmbH,True,de
co-1163e0fd66522422,Chiesi GmbH,True,de
co-56b9205f0e881393,Clarius Group,True,de
co-0ef3da84540de98b,CoCoNet,True,de
co-623a69692665897e,CompuGroup Medical,True,de
co-7ad50e20effb66dc,Conditess Feine Kuchen,True,de
co-81d41785efad4f1e,Conditess Feine Kuchen GmbH,True,de
co-97bfeb6a36f54461,Continentale Lebensversicherung AG,True,de
co-65ab4cc1d8fe8a3b,Control Expert GmbH,True,de
co-24cbd7554ebd50e5,Crewmeister,True,de
co-94aab5b31c244a46,DIEPA,True,de
co-891d038b51a2fa02,DIEPA GmbH,True,de
co-9ecfda25825b4ab8,DIS AG Germany,True,de
co-551ffbc2756ba785,DISH Digital Solutions,True,de
co-081a53dcf6156baa,DKMS Group gGmbH,True,de
co-3d6fdf294853162c,DL Remote,True,de
co-459e7d3479927460,DNA325,True,de
co-cf90fb9878a929c1,DPS Engineering,True,de
co-3ce405017fb95e1f,DZ BANK AG / Deutsche Zentral-Genossenschaftsbank,True,de
co-26ccf59db3c921c1,DZ HYP,True,de
co-9ac1bf0209f04ce7,DataSmart Point GmbH,True,de
co-7153c096067a1aa8,Debeka,True,de
co-a3971a12bf79801b,Debeka-Gruppe,True,de
co-e8f7f3ff43d672f5,Deichmann SE,True,de
co-b28f5a8ba819066c,Deloitte,True,de
co-54114fd43764f62c,Deutsche Pfandbriefbank AG,True,de
co-c4e8258b206fdfa3,Deutsche Rentenversicherung Bund,True,de
co-cfd3eda4863e92e3,Deutsche Welle,True,de
co-58508e834e11c048,Deutsche WertpapierService Bank AG,True,de
co-795374288f5bb9a7,Digital Charging Solutions,True,de
co-9dd1f42ad1d14664,Dirk Rossmann GmbH,True,de
co-a1e04fd037bfb751,Dr. C. SOLDAN Natur- und Gesundheitsprodukte GmbH,True,de
co-28034838bd7f396f,Dr. C. Soldan GmbH,True,de
co-b6b98255b827983a,E Airbus Defence and Space GmbH,True,de
co-8fe4895c064051a4,EDEKA ZENTRALE Stiftung & Co. KG,True,de
co-95368ef056cd26fd,EIT RawMaterials,True,de
co-033a5f6675aaf77a,ERGO,True,de
co-70f703f4469d53a3,ESS Energy & Sales Services,True,de
co-60c5668e9c81cd3d,EWE TEL,True,de
co-2fbd75c0569cd00e,EWERK,True,de
co-c62116b5ad780fbd,EY-Parthenon,True,de
co-b5e5420f786fc671,Edenred,True,de
co-08c88902bfddc3b4,Ekkiden,True,de
co-f570fd75b7c90bad,Energieversorger für Ökostrom und Gas,True,de
co-a92aa32583215e58,Eucon,True,de
co-c8e1b8f02f751e54,Eurofins,True,de
co-981af74ad2a16a3b,FERCHAU GmbH,True,de
co-3694e0fb92a153ce,FERCHAU Management GmbH,True,de
co-cd5b428dfe5df6de,FIO Systems AG,True,de
co-2bde9230ebf08cad,FRIWO Gerätebau GmbH,True,de
co-e92c907f04e7d773,FUTRUE GmbH,True,de
co-52e05e943782a40b,FUX Solutions,True,de
co-38cb045d43d4739b,Factor Eleven,True,de
co-cc27c7a99498f8bb,Factor Eleven GmbH,True,de
co-40c738852975e696,Finanz Informatik,True,de
co-eec7ee1058455363,Finanz Informatik & Co. KG,True,de
co-c81b58871ee74d5b,Finanz Informatik GmbH & Co. KG,True,de
co-c92ef6d0eab65c37,FindYou Consulting GmbH,True,de
co-bb885b9f64338de1,FlexPeople® - Your Career Network,True,de
co-eaf4588550b317ba,FlexPeople® - Your Career Network UG,True,de
co-7eb96f3f79cbbb72,Flexit Consulting,True,de
co-c2e1b488e292f171,Flink,True,de
co-fd5fdaab60408081,Flix,True,de
co-852a26208e2fedf4,Fonds Finanz Maklerservice GmbH,True,de
co-6990d33cdb04967c,Forvis Mazars,True,de
co-947851b9d80b24c0,Freelance Partner,True,de
co-5430ab8f5452fbbc,Freenow,True,de
co-84cead4c33c776dc,Fresenius Kabi,True,de
co-97ce7a1f21e2b40e,Friedrichstadt-Palast Betriebsgesellschaft mbH,True,de
co-16ea28d94cbdb8cd,Funk - Internationaler Versicherungsmakler und Risk Consultant,True,de
co-620d71fe899ad554,Fusion Consulting,True,de
co-57e37d630ef1ee23,GATX Rail Germany GmbH,True,de
co-204e6e715095708c,GEA,True,de
co-7ca155ef83f5e715,GECAD GmbH,True,de
co-5cb280196d6184e1,GFN GmbH,True,de
co-90b643a195784315,GOB Software & Systeme GmbH & Co. KG,True,de
co-081ec19b12bfe6c1,GUS Germany GmbH,True,de
co-1174b0de7c7b909b,GastroHero GmbH,True,de
co-64320dbc3c6813ba,Gerresheimer,True,de
co-9673c4905b69a9a9,Global University Systems,True,de
co-5909e9fdfa07419a,Greystar Management Services,True,de
co-3c833a1de2b24ade,"Grifols Shared Services North America, Inc",True,de
co-3a3f412601174263,Grühn GmbH,True,de
co-171164318f3c6f0e,Guldberg,True,de
co-07b9eea03befb9b7,HANSAINVEST,True,de
co-46d3d2a2fcff92be,HCIE,True,de
co-e280f26b119c2884,HPM Service und Verwaltung GmbH,True,de
co-389e61d493b7493b,HR4YOU,True,de
co-c5493486f03aa473,HRlab,True,de
co-1808e3babbe261f7,Hackforth Holding & Co. KG,True,de
co-c1aceafc4fcdf330,Hackforth Holding GmbH & Co. KG,True,de
co-2945082a0a7ca7f6,Haema AG,True,de
co-92e46bf667bd7b25,Haema GmbH von ITmitte.de,True,de
co-cdf388aa0f3ad6e2,Halvotec GmbH,True,de
co-02deab989ab1885d,Hamburger Energienetze GmbH,True,de
co-25295c2ddcd2fb5d,Hays AG,True,de
co-053b0368296fed42,Hays – Working for your tomorrow,True,de
co-5508ba4493523a6f,Healthcare Deutschland GmbH,True,de
co-001333b85402514f,HiSolutions AG,True,de
co-c39e343fd555f458,Hilscher Gesellschaft für Systemautomation mbH,True,de
co-a516a6528fe43f2a,I. K. Hofmann,True,de
co-bbe140eb7481da42,ING,True,de
co-d6dd27a4ad70abcb,ING Deutschland,True,de
co-f52f30cb8b920386,ISR Information Products AG,True,de
co-8cf9fd3289b78ce8,Ibis Deutschland,True,de
co-8e5cdd3246bffb0f,Ibykus,True,de
co-6a73b8fd1aab5252,ImoGate,True,de
co-2ab70af356bb50b9,Instaffo GmbH,True,de
co-b91c53b21cf2f677,Interlloyd Versicherungs-AG,True,de
co-c67aa044b1738080,J. Rettenmaier & Söhne + Co KG,True,de
co-cb6692c6a3e7c26a,JD.COM,True,de
co-9b1cafc35d30a8d3,JRWG CoachConsult GmbH,True,de
co-deffd712d46fcccd,JTL-Software-GmbH,True,de
co-ade88ca4a13e130d,JUMO GmbH & Co. KG,True,de
co-ceb760c0accf6696,Jack Link's Protein Snacks,True,de
co-9958f40770fe6891,Janitza Electronics GmbH,True,de
co-463cbed435bd296c,Jobgether,True,de
co-6eda5d528098e80b,Johannesstift Diakonie Services,True,de
co-6949e37ee7abaadf,John Deere,True,de
co-a7480272168db2b8,Joybuy,True,de
co-f224a753ceef95ef,Julius Blum GmbH,True,de
co-2b0b24e63e910496,Just Eat Takeaway.com,True,de
co-03baee4a119bbe2a,KFW Konzern,True,de
co-368df9edc73844e6,KIND & Co. KG,True,de
co-9bf5a518d3c422f7,KIND GmbH & Co. KG,True,de
co-5451b26d0075e282,KNDS,True,de
co-893fcb7d8db12d73,KNDS Deutschland,True,de
co-469af5341260f3a6,KPMG,True,de
co-670441b47437e01b,KPMG AG Wirtschaftsprüfungsgesellschaft,True,de
co-45e59c28fecc3685,Kassenärztliche Vereinigung Berlin,True,de
co-ff7f3ecc2b992da3,Kleinanzeigen.de,True,de
co-edf16f2c597f5f76,Kolibri Games,True,de
co-7fc8389fa382bb79,L21s GmbH,True,de
co-59409c9f63185b33,LBBW Landesbank Baden-Württemberg,True,de
co-aa8baa350801c18d,LINUM Executive Search,True,de
co-ab2a012d3d31df5c,LM IT,True,de
co-7143a6037b6b145d,LSI - Germany GmbH,True,de
co-21609213ccd415f2,Landeshauptstadt Stuttgart,True,de
co-06ac7fda885ed04c,Lenz & Gomez Personaldienstleistungen,True,de
co-5df41ad59fec9d3b,Lenz & Gomez Personaldienstleistungen GmbH,True,de
co-b8e4fc62e7db171b,Lidl Stiftung & Co KG,True,de
co-614c9a4e2a759c3e,Liebherr-Hausgeräte Ochsenhausen GmbH,True,de
co-9d9ea0c90a86a9e1,Liebherr-International Deutschland GmbH,True,de
co-aac070fbcd576d2a,Liebherr-Werk Biberach GmbH,True,de
co-7cdbf98c78bc0738,Lieferando,True,de
co-9f4f9d694e919e62,Lightspeed Commerce,True,de
co-b54aa8569f646fda,LiveEO GmbH,True,de
co-dea0191df34f854e,LogPay Financial Services GmbH,True,de
co-a4d683a9a241e301,Lovehoney Group,True,de
co-d79a06fb2b0046ff,MCA Engineering GmbH,True,de
co-54581c21e9e149fa,MEDIAPLUS Gruppe,True,de
co-8834aca4e03a9a56,METRO AG,True,de
co-957cc2d6600ea316,METYCLE,True,de
co-7560c97e40c25e97,MITOcare GmbH & Co KG,True,de
co-13c5a0b3c09dc333,MMC,True,de
co-3a0b433def51cd3b,MONTANA Group,True,de
co-e4039fb7a1e64b96,MP Karlsruhe,True,de
co-964c675dfa0e0f55,MULTIVAC Sepp Haggenmüller SE & Co. KG,True,de
co-948ebf897d113bc9,MUVN,True,de
co-d01ced0db2543107,Manatal,True,de
co-692e261c579a08d8,Markant Gruppe,True,de
co-03d2964bb81f73a1,Marsh McLennan,True,de
co-44f27f068fa37b9c,Mattel,True,de
co-5b88a36597930665,Mauser Packaging Solutions,True,de
co-01ea5abb61405dd3,Mecklenburgische Versicherungs-Gesellschaft a.G.,True,de
co-3d641c12af3d5c52,Mercedes-Benz AG,True,de
co-d2b7f7551dc823fd,Mercor,True,de
co-da166a5b40e76366,Metro Markets,True,de
co-e8a9a8fca63a6ea7,Michael Page,True,de
co-d11cf7b6acb0de76,Mister Spex,True,de
co-49776b5d33b5019e,Mittwald CM Service,True,de
co-9993abfd58268758,Mittwald CM Service GmbH & Co. KG,True,de
co-42ac167d7f560977,Motel One,True,de
co-0205a608ac7f1b22,Motel One Head Office,True,de
co-db53e0a5c80df0b3,Müller Holding GmbH & Co. KG,True,de
co-d4c6089f984650fa,Müller Service GmbH,True,de
co-466fa47bb3245eb4,N.R.Galaxy,True,de
co-a18b2c5d6729df23,NECT,True,de
co-be68fb15b0b2eea9,NTT DATA Deutschland SE von Jobs-Daheim.de,True,de
co-b39d63fd750c3b2e,Nemensis Ag,True,de
co-6ce6c935fe788552,Nespresso Deutschland GmbH,True,de
co-5816f187e811adaf,Nexperia,True,de
co-d339978f4696d2b5,Nexperia Germany GmbH,True,de
co-9f30f27e74b0a834,Nextwind Management GmbH,True,de
co-ac6ecad77711a51f,Not disclosed,False,de
co-330c85601eb0aa56,ODW-ELEKTRIK GmbH,True,de
co-382ea391df0f5479,Octopus Energy Group,True,de
co-46934b3e4b436922,Office People Personalmanagement GmbH,True,de
co-1e32e3506497a2c2,Orizon GmbH,True,de
co-d47ffa663ea6f2e0,PAUL HARTMANN AG,True,de
co-541efb2b4d753c00,PM-International AG,True,de
co-dade3f795732262f,PRA Group,True,de
co-e9e196870f620c84,Patrizia SE,True,de
co-ea38003bd8626947,Peek & Cloppenburg Düsseldorf,True,de
co-2878da28a4600019,Peek & Cloppenburg* B.V. & Co. KG,True,de
co-285a2ee2754049f4,Pernod Ricard,True,de
co-bc28c2ea08ba9eb7,Personalhaus Bielefeld & Co. KG,True,de
co-029f385691cbc663,Pets Nature GmbH,True,de
co-49d397d89fb7d2a3,Pflegia,True,de
co-276ea5464a37288f,PharmaZell,True,de
co-bc570fb3df8051a3,Planet,True,de
co-cd618fc87524f3c3,Public Value Technologies GmbH,True,de
co-61981db22a30b1af,QPLIX,True,de
co-3bbd8aed5d52acd1,QPLIX GmbH,True,de
co-c8ad576fd5fe2675,QUANTO Solutions,True,de
co-56735da25cbc7312,Qonto,True,de
co-c4bd0a43faa737a2,Quantum-Systems GmbH,True,de
co-a68cc9e7fa35642c,Quince,True,de
co-6cc8a8689f193a65,R+V Allgemeine Versicherung AG,True,de
co-8d862175b57c99b3,RADAS Jobbörse & Personalvermittlung GmbH,True,de
co-b10cebeb9cdc82dc,REMONDIS IT Services GmbH,True,de
co-8524d30a4686ce45,REPA Deutschland GmbH,True,de
co-5cf904442c930d85,REWAG Regensburger Energie- und Wasserversorgung AG & Co KG,True,de
co-b742b22031db612f,REWE Digital GmbH,True,de
co-34e007bb91da54a2,REWE digital,True,de
co-7ea8d4a4bd79c2d9,ROHM Semiconductor,True,de
co-b064d9124c2cff0b,ROSSMANN,True,de
co-4d241d6e89f26ace,ROSTOCK PORT GMBH,True,de
co-3887a9d0a1fcc607,RWE,True,de
co-b3ad9391c36d2664,RWE AG,True,de
co-43c5dda26fa6af27,Rahantech GmbH,True,de
co-1d84c099a023ad67,Ratbacher,True,de
co-6c55fdaf07364699,Ratiodata SE,True,de
co-e561e3527b7257b9,Redcare Pharmacy,True,de
co-2827348bef9cfad1,Reply Deutschland SE,True,de
co-b05f2995fb819b79,Reply Group,True,de
co-8ff45118dd5b91bc,Resmed,True,de
co-54bd23d3971c4e81,Riverty,True,de
co-532678357ffaa41f,Rothenberger Gruppe,True,de
co-f394566a9446f073,Rudolph Workforce GmbH,True,de
co-101164b68cc6b198,S Rating und Risikosysteme GmbH,True,de
co-35e40ac53608d318,S-Payment GmbH,True,de
co-5ee0cb3490153a3d,SAP,True,de
co-aeeab26f0a952bff,SAP Contractors,True,de
co-fb16cde6f25860a3,SINC GmbH,True,de
co-49215f3a2acf2619,SOA Experts,True,de
co-d4cd5a427f0b8a03,SOKA-BAU Urlaubs- und Lohnausgleichskasse der Bauwirtschaft,True,de
co-1e60ff7f223de610,SPIE GSA Business Services,True,de
co-562996188778e135,SPIE Germany Switzerland Austria,True,de
co-8a43c6fdfdf875e1,SPS Consulting & Services,True,de
co-07782a3e2f7907ef,SThree Germany,True,de
co-d008ca36f8522705,SUXXEED Sales for your Success GmbH,True,de
co-c2f4c02453d79715,SYNERGIE Personal Deutschland GmbH,True,de
co-26b80acf96f93dfa,SYNERGIE Personal Solutions,True,de
co-85753778fd3a1ddf,Schmitt Engineering,True,de
co-b82e4fa3923da3fd,Schwarz Corporate Solutions,True,de
co-0faa060f07fc245d,Seier Gruppe,True,de
co-cd3db65a3c8641a2,Seier Holding GmbH & Co. KG,True,de
co-e69d2f19a58382d5,Selecta Klemm GmbH & Co. KG,True,de
co-8e43256e65d559ea,Siemens Energy,True,de
co-2ed6980ea04fc2dc,Siltronic AG,True,de
co-c1958b6ef8d06ee6,SimonsVoss Technologies GmbH,True,de
co-cd1d471f88949879,SkillTank GmbH & Co. KG,True,de
co-14e5b2b779086cc8,Smith & Nephew,True,de
co-84e7691799974e0e,Sollers Consulting,True,de
co-96dfa88e75b725b6,Sonnländer Getränke GmbH,True,de
co-bce40ceee90d649e,Sonntag AG,True,de
co-975f8ff21bf3e289,Sopra-Steria,True,de
co-6f042ddda8a805d1,Sparkassen-Versicherung Sachsen,True,de
co-8ad6005ca1706954,Springer Nature,True,de
co-d374ffacb315ef0d,Stadt Elmshorn,True,de
co-cd223a0687a570c7,Stadtwerke München GmbH,True,de
co-f11c7169b106acc7,Stadtwerke Osnabrück AG,True,de
co-057275290da85a4a,Ströer Media Deutschland GmbH,True,de
co-e39652dd9d369c9b,Syncwork,True,de
co-3ac75cbe4db6acc2,Südtalent,True,de
co-de63902208849a39,TALENT AVENUE,True,de
co-b4d6f802c4f62ba0,TAS ToolBox,True,de
co-9b2f0218c1abc03b,TAS ToolBox GmbH,True,de
co-b5a303e3f4535569,TECHLISTER GmbH,True,de
co-8af38baeb54412d2,TELUS Digital Europe,True,de
co-2e53f62f656ffc68,TNG Stadtnetz,True,de
co-8533f78c50b909ad,TTI,True,de
co-bfefa5bd0c63c861,TUI Cruises GmbH,True,de
co-090f1aa845dbb005,TalentExpress GmbH,True,de
co-3fa6674f3e734992,Techem Energy Services,True,de
co-5b58604a404ba5f7,Techem Energy Services GmbH,True,de
co-3ee0fd8e0d9d676a,Techtronic Industries ELC GmbH,True,de
co-67a2cd1408224f50,Tenth Revolution Group,True,de
co-0fc039b36c2c70d1,The Information Lab,True,de
co-60fd23a3bd82ae32,The Quality Group,True,de
co-9269eebb8c7573f4,The VELUX Group,True,de
co-e8735ae28059469d,Tierarzt Plus GmbH,True,de
co-907ef5f765e99935,Trinetix,True,de
co-3a158d73e6d9b0e4,Turing,True,de
co-34cceee5c1f888ec,TÜV SÜD Auto Service GmbH,True,de
co-ed0caf51f860e5c2,Uelzener Allgemeine Versicherungs-Gesellschaft a.G.,True,de
co-b17044523db80a75,Unfallkasse Baden-Württemberg,True,de
co-8ed92791f1bc4d25,Union Investment,True,de
co-a02a07aef55169e1,Unique Engineering eine Marke der Unique Personalservice GmbH,True,de
co-5184239dfe0af13e,Unique Personalservice GmbH,True,de
co-1d947e8e70778669,VR-Bank Mittelfranken Mitte eG,True,de
co-319bf55f7a9028c4,VULKAN Gruppe,True,de
co-9c03c866c8ee846d,Verlag Der Tagesspiegel,True,de
co-a8cd0bb63c9b9c1c,Vesterling AG,True,de
co-d0aaea380aecd8c7,Vilo-Personal,True,de
co-de7aa1ff73264a28,Vilo-Personal GmbH - Berlin,True,de
co-89e942f455341d59,WEVO-CHEMIE,True,de
co-efaba8cb3a176238,WWK Lebensversicherung a. G.,True,de
co-d1eb7b1f4246db02,WWK Lebensversicherung a.G.,True,de
co-f9c830a0f12161da,Wall Street Docs,True,de
co-2d3ae9fb7244b732,Wbs Gruppe,True,de
co-662bc8aef01b35ca,WeMatch.,True,de
co-39845c7049ed85d7,Weig Holding & Co. KG,True,de
co-a81a239ca824d9ec,Westwing Group SE,True,de
co-f6d594cf4996c5de,Wolters Kluwer,True,de
co-03f7dbdd55db4c34,Wolters Kluwer Tax & Accounting Deutschland GmbH,True,de
co-335fdd0a7a61f4ab,Workwise GmbH,True,de
co-5fddf983f58bf12a,XSYS Germany GmbH,True,de
co-2dc6290a2806d4f3,YER,True,de
co-52025f8187e22d22,Yadimen Consulting Limited,True,de
co-9e5763d00aef63e9,Zalando,True,de
co-960a46b8053a33f8,ZeKju GmbH,True,de
co-0672e76efdf28c36,Zenjob,True,de
co-504fa727ce74e976,Zurich Insurance Company Ltd.,True,de
co-7bfa3b00097b1095,ZweiDigital GmbH,True,de
co-2ca6bdf213ee4ae3,a-team Personalmanagement,True,de
co-c5d6fc7c77c5e8bb,a-team Personalmanagement - HG,True,de
co-1fe13f2639a2cced,adesso SE,True,de
co-f057ad5f19048c15,adesso insurance solutions GmbH,True,de
co-e398a568da199ccb,adjoe,True,de
co-4d78947f6f5969d4,adsquare,True,de
co-7942ef8355de3f30,afb Stellenübersicht,True,de
co-07626e52c50ebb43,base camp management consulting,True,de
co-811bf92c7b6703b2,bedrop,True,de
co-363787af10de116b,campoint AG,True,de
co-a11604046b599cc8,cinify GmbH,True,de
co-49a9bfe2d3216717,comrce GmbH,True,de
co-5d95ec359ba64079,conceed,True,de
co-d26be562b62c572a,denkwerk,True,de
co-1fffc971ce07af23,denkwerk GmbH,True,de
co-1b7f73e513bd0283,duerenhoff GmbH,True,de
co-893ecc90b4d74ed4,ec Advisors,True,de
co-9cdcf4e929b6b7bc,elaboratum,True,de
co-ae0887f71a3525e1,enercity,True,de
co-51fd772a5cad079c,energy & meteo systems GmbH,True,de
co-7238a5bbfe7765b0,engineering people GmbH,True,de
co-31ec9a467ceb299c,"epay, a Euronet Worldwide Company",True,de
co-b14110ebb478ba91,exmox,True,de
co-9bfeebec0c688710,expert Warenvertrieb GmbH,True,de
co-865803b66796fced,expertum GmbH,True,de
co-28f2463378d144eb,exporto your career,True,de
co-6b0eccb441571419,fair parken,True,de
co-af6e81729b9e5f52,femtasy,True,de
co-12a3b377a687b02d,findic,True,de
co-b9deae75b76a118a,finwyz GmbH,True,de
co-bdb8f2f3016ab175,flaschenpost,True,de
co-e7ba8181d1b63344,freenet,True,de
co-f2349edd10ab6057,ghd Deutschland GmbH,True,de
co-ab9ed5394e45c13b,global CT,True,de
co-2a8406de5246bfba,hyrUP GmbH,True,de
co-7669c43706d7b1f5,ibau GmbH,True,de
co-694210b434667b54,inasys,True,de
co-7d83f4930201c88b,inovisco MOBILE MEDIA GmbH,True,de
co-6753c46280bf2b89,itestra,True,de
co-4d1cd9950da14ee8,jobvalley,True,de
co-4c763762f2981928,knk Gruppe,True,de
co-fae10583c2aedd09,mbi,True,de
co-e17b37ee68373010,medermis clinics,True,de
co-9a557324ab440107,parcIT,True,de
co-92e1a06f055a8ae4,pmX GmbH,True,de
co-9a9bcc6c5e9a356c,pmX Group,True,de
co-1e1cebb6363e56ba,proSenio,True,de
co-41e111ed79c406a6,prowork Personal GmbH,True,de
co-786e19720242278c,pub.tech,True,de
co-c4c4616620f438e3,rocket Engineering,True,de
co-fdc8aceea5d92c95,rocket Engineering GmbH,True,de
co-d8adb13909f2d09c,stylink Social Media,True,de
co-beef0f3fa76208a5,tante-e,True,de
co-66007ae9a8ee48dd,twomynds,True,de
co-0df981253d844ac8,univativ,True,de
co-83c34eb79742b2d2,valantic Management Consulting,True,de
co-f99cdcda5a3a4a23,viadee Unternehmensberatung AG,True,de
co-5f60b44a90935989,wissner-bosserhoff GmbH,True,de
co-91f39b507d69c22e,wwwe GmbH,True,de
co-cdc9a5a32e474afb,x-markets consulting,True,de
co-b2719d520dd05758,x1F GmbH,True,de
co-de7086b03412e792,zooplus SE,True,de
co-70185e0a3565921d,Öffentliche Sachversicherung Braunschweig,True,de
co-5b23e592a6e86cf7,302 MstarEurServSL Morningstar Europe Services Legal Entity,True,es
co-133a7e0763b388b5,ABB Robotics Poland Sp. z o.o.,True,es
co-fa0b2b46c8b7ceb1,ACNUR Comité español,True,es
co-0880111d43e35647,ALDES ALD Automotive SA,True,es
co-7ef163995d4f95b2,ALTEN Spain,True,es
co-7bb2e802fc9f3e29,ART Design LLC,True,es
co-51ba758b16bfec14,AXA,True,es
co-b56401c5452bd77a,AXON-Networks,True,es
co-2881470e28a97e04,Accenture,True,es
co-92f3c20278c8efd0,AdegiLan,True,es
co-0cc303a787c3ce68,Agilent Technologies,True,es
co-384098da014c872a,Air Apps,True,es
co-0435f2d044d503cd,Air Liquide,True,es
co-4b250d5067b47291,Airalo,True,es
co-c3adf60bc006255d,Akka Technologies,True,es
co-1902b5a515f247ab,Akkodis,True,es
co-b34764fdeca050a7,Alantra Solar Energy Advisors,True,es
co-3f6ffd77ad294061,Alarmas Verisure Argentina,True,es
co-293443d8c43aef88,Alexion,True,es
co-5186f2379e5773c5,"All European Careers, S.L.",True,es
co-38872b200a3c780f,Alliance Specialist Supplies,True,es
co-f07165c8fb78b1a2,Allianz,True,es
co-82f9124e8f4397a8,Amaris Consulting,True,es
co-099fd3e597f18cd6,Amazon,True,es
co-7d08a7627f483504,Amazon EU SARL - C16,True,es
co-15102a9639d7312e,"Amazon Spain Services, S.L.U.",True,es
co-7cfb9d5e57f89638,"Amazon Spain Services, S.L.U. - B76",True,es
co-cba65e925204c5e8,Ametller Origen,True,es
co-f91f7a16654a2252,Amex,True,es
co-c77b46eda58f99f9,Analog Devices,True,es
co-9a781540947be848,Applus IDIADA,True,es
co-74d3a109d52b14f0,Aristocrat,True,es
co-0378837d8404490b,Aristocrat Technologies,True,es
co-e3f656f5f3a962f1,Arxada,True,es
co-d4d398774542990a,Astara,True,es
co-daddaba527a5d8bc,AstraZeneca,True,es
co-2be8bbe324e7404e,Aubay Spain,True,es
co-d0065d362ccac822,Auren Personas,True,es
co-e0f4f331d66ac853,Axpe Consulting,True,es
co-50c473d713cd0beb,Axpo,True,es
co-224f141d3baab7e5,Axpo Group,True,es
co-025b3894ae22661a,"Axxis Systems Europe, S.L.",True,es
co-c33810ca0a5f2d0e,BASF,True,es
co-9e2eced3100a8bfd,BBVA,True,es
co-f642401ef5721e6c,Babel,True,es
co-394df93d4286b556,Back Market,True,es
co-56a4d929bce18b23,Banco Santander,True,es
co-c005d14e4c979898,Barceló Explotaciones Hoteleras Canarias,True,es
co-24518847ee794e59,Barceló Hotel Group,True,es
co-9b88dda22a833658,Behum,True,es
co-70113e842e0524b2,BizAway,True,es
co-1cfa0a33727dd1cb,Blip Global,True,es
co-71c30f841ae35590,"Bluetab, an IBM Company",True,es
co-9d924e2b3a729191,BonArea AGRUPA,True,es
co-fca2a76629636f38,Booksy,True,es
co-e4f0a7d0f0540b9f,Brambles,True,es
co-764968cb4da58ce2,Burger King Spain SLU,True,es
co-4f2accc1444dbf90,CAPITOLE CONSULTING,True,es
co-125b13527275caf1,CAS Training,True,es
co-4d08ed3df5e31bd6,CGI,True,es
co-7b6c8826c5062064,CHEP,True,es
co-ee575585aa52d3b8,CaixaBank,True,es
co-4d2d522e99625bee,Careerwise,True,es
co-ce968d10297ad258,Carrefour,True,es
co-e082d2073a64c3b6,Cencora,True,es
co-8a75f905fcd5f092,Cigna,True,es
co-c3f55f408b752c13,Cigna Group,True,es
co-6bdb1a573bf84f8d,Ciklum,True,es
co-f980d519b1126cfb,Constructor,True,es
co-100517dcd3cc2b5a,Content Square,True,es
co-3ed6ae99a036dd7e,Contentsquare,True,es
co-3c7eca0827214445,CooperCompanies,True,es
co-5418ecfb760dbfa5,CoverGo,True,es
co-3705742e67204aaa,Criteo Technology,True,es
co-97d2fe73e0bcf57b,Cross Border Talents,True,es
co-f602d1084d8f3eab,DDB,True,es
co-fb102a869e2f314e,DIGI España,True,es
co-684f9b44bb5e7302,DISA HOLDING ENERGÉTICO,True,es
co-af706c60dfa474e9,DKB Code Factory,True,es
co-83e5e71d8be5730b,DNA325,True,es
co-007294a74683d67a,DWS,True,es
co-bc17c8bdfda8edaa,DXC Technology,True,es
co-24ef489b235568a5,Danaher,True,es
co-9c421a3e417fea8e,Danaher Corporation,True,es
co-54a6c4cb5bf3b6db,Deel,True,es
co-a95eeb374ac8d0a4,Deep DSG,True,es
co-05cd0e61197263e7,Deloitte,True,es
co-c67924928e512114,Dentsply Sirona,True,es
co-9c8d13182c488422,DerbySoft,True,es
co-5816d3b70e43af73,Deutsche Bank,True,es
co-28a976d8c74fe859,Dexcom,True,es
co-12a8de1e98c2abcf,Doctoralia Spain,True,es
co-759c20fc1f0e8452,Dynatrace,True,es
co-2f5deb3573d2968e,Eaton Corporation,True,es
co-38329b49597a508a,Ebury,True,es
co-39b4737e486deac1,Edenred,True,es
co-d02711322d75dbd6,El Corte Ingles,True,es
co-d55a3e6ce411eb4c,Embat,True,es
co-4e20612517d3fab0,Eurofins,True,es
co-6d3d83408c843960,EverAI,True,es
co-b404c045cc6a0b6b,"Excelia, SL",True,es
co-706b4afca50b8c53,Experis España,True,es
co-4d899414b8e1c1d7,Factorial,True,es
co-87fd814f103a3b88,FeverUp,True,es
co-58ebb15f19db2fe8,Finsolutia,True,es
co-180165f6e19a9ca9,Flowserve Corporation,True,es
co-0edbb17cf66f724a,Freenow,True,es
co-7ed40a1d13472c7f,Fresenius Medical Care,True,es
co-2e6e5e3c6d737896,Fuego Camina Conmigo,True,es
co-a6fe292d925cf410,Fundació Esade,True,es
co-ae08bcca3d221a07,Further Group,True,es
co-7550c07ec005a089,GMV,True,es
co-9257a5942de97865,GRUPO DATCON,True,es
co-0c8c6528913913f0,Gartner,True,es
co-4b20eacc0634ea90,Getnet,True,es
co-fb50a4ccb724dce5,Glovo,True,es
co-47709d43a22095ce,Gracia101 Talent Solutions,True,es
co-89b50c3ba225b8e0,GreenYellow,True,es
co-cd7106e91d759ec7,Greystar Management Services,True,es
co-bcea1e547d0c09fc,"Grifols Shared Services North America, Inc",True,es
co-201bcff6ea230a2b,Grupo DIA,True,es
co-4cf882be5557697e,Grupo Eulen,True,es
co-a02e7139b1263c84,Grupo NS,True,es
co-99dd65801a9b8c01,Grupo Oliva Nova,True,es
co-123357af238173bf,Grupo PROEDUCA,True,es
co-c365bcdc442b2ef3,Grupo Viarium,True,es
co-d0c21c712ae75433,Guess Europe Sagl,True,es
co-98b6185129e4f4b5,Guesty,True,es
co-3c3df1ee36bb4508,HBX Group,True,es
co-c9b7fd104ec098a0,HP,True,es
co-2e01d144ae6bdb0c,Hayward Ibérica SLU,True,es
co-b4e5213fa9873d74,Hellio Solutions,True,es
co-02bd3ef2ad3c2ad0,Hillebrand Gori Spain S.L.,True,es
co-b9c359bf39bc7e3f,Hipoges,True,es
co-95435f4d2085eef6,Hitachi,True,es
co-5cefc8a334c8418e,Honda Bank GmbH Sucursal en España,True,es
co-34eff464f1e8d0da,Huzzle,True,es
co-add353024b34f404,IE University,True,es
co-37c824c8d6c954fa,IGTP,True,es
co-434db328d439ce06,ING,True,es
co-1cca691c5d670f0a,IQVIA,True,es
co-7850457742eb7e82,Ibertech IT Services,True,es
co-b9132c56f3421f8a,Iddtek,True,es
co-35abf8a966aa9dc3,Impala Terminals,True,es
co-8b664aa06403afe0,InPost Iberia,True,es
co-f8b7d3b10eca1d09,Incoming Domain,True,es
co-0edde0ea508d45c2,Indra Group,True,es
co-7e93e2ada1424a0f,Ineo Innovative Technologies,True,es
co-4559213783b615cc,Infront,True,es
co-3a3db6b314b1d403,Initiumsoft,True,es
co-8849dd466385e749,International,True,es
co-a02e76b0d7022960,Intetics,True,es
co-b1e10d592065da04,JLL,True,es
co-16e538b8a7674766,Job&Talent,True,es
co-819bd74c675ecc10,Jobgether,True,es
co-ee3f5afd17d0238d,Juniper Travel Technology,True,es
co-d2b9f5f04c90cfc7,"Kapres Technology, S.L.",True,es
co-ded23c964fb00bfc,Kids&Us,True,es
co-f653649d455cf23d,Kiwi.com,True,es
co-a0ce24576f7402d7,Krell Consulting,True,es
co-c22de5ff28be6804,Kyndryl,True,es
co-94170b7270824942,"LICENCIAS, PROYECTOS Y SEGURIDAD Y SALUD",True,es
co-2b80101c2c8f6636,LOOKIERO OUTFITTERY GROUP,True,es
co-0a043b155051bbc6,LUZA Group,True,es
co-5e8d598e2da354ab,La Casa de las Carcasas,True,es
co-93f48d63eb327849,Labhouse,True,es
co-f6b5395a7ef5aedd,Lawrence Harvey,True,es
co-3a7382e504e01595,Leadtech Group,True,es
co-8721ea8ee9713004,Leroy Merlin España,True,es
co-45af997ffaf228c6,Lidl,True,es
co-466d5c6a326271ac,Lightcast,True,es
co-dcdb1ddaed2973e2,Lodgify,True,es
co-748d6b314d1130aa,Lokalise,True,es
co-ea2b169006d59de7,MIGx AG,True,es
co-a6725349860c5241,Mango,True,es
co-f2e39a323f285b76,Manychat,True,es
co-5f19eabafecf6d8a,Marel,True,es
co-ac15d1bfadaedb84,Marsh McLennan,True,es
co-04f165fe59793073,May Business Consulting,True,es
co-6b1d6d6982706751,MediaRadar,True,es
co-b8f36445b09ac609,"MediaRadar, Inc.",True,es
co-eda6aa2b58d7fe79,Mediamarkt,True,es
co-5d37dd9d743c32d8,Medtronic,True,es
co-07bbc4f9624c93cc,Menlo Ventures,True,es
co-195473c54fd2e9ad,Mercagranada S.A,True,es
co-f966b833c1cef702,Mercor,True,es
co-e63074a29bd4a1e0,Moniepoint,True,es
co-3a731b31a3fed5cc,Morningstar,True,es
co-f3324cd34df05b47,Mts Globe,True,es
co-60bc600f68b1629f,My Company Tendam,True,es
co-feeb2417bc2c8aaf,N26,True,es
co-9017189b2612e993,NDT Global,True,es
co-599f9410b7eeb955,NN Group,True,es
co-a5a3424ea4c52ba9,NSI,True,es
co-6004d52b9da17033,"NTT America, Inc.",True,es
co-3dde4c41b78f8786,Nacre Capital,True,es
co-cd688e4315f803e9,Niji,True,es
co-4df898f71d58da81,Not disclosed,False,es
co-127159e1d7dea458,Nsifoods,True,es
co-30642de5f3133ea1,Nunegal Consulting,True,es
co-770d9628ec0a431b,Ocaso,True,es
co-c66a098d9d0fbee4,Octoenergy-solutions,True,es
co-a5e248d7212b7d97,Oficina de Treball del SOC,True,es
co-5b64774905cd0a89,Ogury,True,es
co-06f62b4fd434c883,Omya,True,es
co-1e8970f6c66770e2,Ormazabal,True,es
co-3713984da7c16f55,Otto Group one.O,True,es
co-b2ae007bee6589f0,PPG,True,es
co-75c7fbac0e5825d9,PRGX,True,es
co-375fe8c0d636c09e,PRGX France,True,es
co-53feee77dbcead43,PRGX Global,True,es
co-2483b5d866480329,Papernest,True,es
co-78b22d4f7e290829,Payoneer,True,es
co-c6426edf57709422,Playtomic,True,es
co-3acfbaf761c7ebe8,Plexus Tech,True,es
co-7539d94a39aee989,Prenomics SL,True,es
co-653203a44e1a652b,Preply,True,es
co-6a3b1e73d5f73a43,Prodware Group,True,es
co-12aee85e0271d4d6,Propelling Tech,True,es
co-c5808737b6cf6b1b,Pump Dynamics,True,es
co-ed511eb34db61a09,Qaracter - Beyond your Challenge,True,es
co-79a883cb3101511a,Quest Global,True,es
co-64255261c98ba6f0,Quoviz Consulting,True,es
co-6551ac70b7dc5705,RDT,True,es
co-54f047a51d88f0c9,RED Global,True,es
co-6c21ab0cd3f66798,RM TRADE SAU,True,es
co-f34784e99cba31ce,RODI MOTOR SERVICES,True,es
co-0d2e944aee673ef1,Randstad España,True,es
co-d9b86812645b28d2,Rawson BPO,True,es
co-1c0d30a93f987262,Revlon,True,es
co-0e4cbc7821df13ac,Roche,True,es
co-b9102820a841ae78,RockStar Data,True,es
co-5404f5e12950bba5,RouteGenie,True,es
co-c3c506bf276e737c,Rover.com,True,es
co-ea261958e824d6c6,SCRM,True,es
co-f9c59631ce30266b,SEGULA Technologies,True,es
co-fbe7cfea40284d83,STANDBY.es,True,es
co-2cda4ca5331f46b4,Salt,True,es
co-d1ffc7a20da5d542,Sanoma Learning,True,es
co-02c455d3ef6feccb,Santalucia Seguros,True,es
co-f06de3e872240a73,Satispay,True,es
co-cf99ec632f37df49,Saur Europe,True,es
co-ff6293b12872346c,Savills Spain,True,es
co-c385bd9396ab68e7,Scalian,True,es
co-febb6d91d16463fd,Schneider Electric,True,es
co-34ee649a05b99f7d,Schwarz Corporate Solutions,True,es
co-bf4f0ab6993ead10,Schwarz Digits KG,True,es
co-73960fc112cd1c89,Scopely,True,es
co-204336457256bbe9,Scrm International Hub,True,es
co-302e4d91781c83d2,Sedgwick,True,es
co-648ed9fa666920b3,Seedtag,True,es
co-e774a6ae7931bafd,Serviguide BPO,True,es
co-ed7681e22e240a9f,Shine,True,es
co-c12b990276cb8f50,Sibelco,True,es
co-c9e8a82830e3722d,Sibelco Minerales,True,es
co-ab63e7ccdcfcd052,SkyCell AG,True,es
co-f406632745449e9e,SlashMobility,True,es
co-14c32e52434e46b8,Smadex,True,es
co-9f9b26a5be5cf68d,Smadex SLU,True,es
co-76f35754db412a01,Socialpoint,True,es
co-0bd017949defe3aa,Sofico,True,es
co-0e90376b2a15d9c1,Softonic,True,es
co-af8cdece0f44c308,Sopra Steria,True,es
co-e03a814d742781cc,Sopra-Steria,True,es
co-b255d8db13f79a32,Sprinter,True,es
co-02461f21d77830c4,Strada,True,es
co-3def97bc67732c91,Strategic Platform,True,es
co-8faed2261874a93a,Subject Matter Expert,True,es
co-595f02564ec0c077,Sulzer,True,es
co-fe570aa7c1c48d65,Super Technologies,True,es
co-df942759dab1f6b8,TAPTAP Digital,True,es
co-6a7481744c2af000,TD Synnex,True,es
co-61ff3669720170e6,TELUS Digital,True,es
co-6b11779071cc65d5,Talan,True,es
co-249f6f3d1afc3c0e,TechBiz Global GmbH,True,es
co-2ce29e4a839df417,Temps,True,es
co-fef6594bd19d172e,Tenth Revolution Group,True,es
co-b432bf849f2a2051,Textron,True,es
co-eb96bb195c5fd150,The Cigna Group,True,es
co-de172ac55a12404f,The White Team,True,es
co-5fc2bd406a5e0154,"TheFork, a Tripadvisor company",True,es
co-1417a3b64bd34393,ThinkUPC,True,es
co-d218b35fde120576,Titan OS,True,es
co-6605202a83fdc518,TotalEnergies,True,es
co-90fab585f24139ca,Trabajos en Demo Datos,True,es
co-d06e0f37126f3573,Tracasa Instrumental,True,es
co-62498ebdb6f435d1,Triple,True,es
co-d250075ecdd416cb,Turismo de Islas Canarias,True,es
co-ffb64c747808fd9f,UIC,True,es
co-5fa0799b9cbfae44,"UPCnet, SL",True,es
co-90d324c0836703bc,URIACH,True,es
co-d58ea2ee9b421bfd,UST España & Latam,True,es
co-d6b1299b8c5392e8,Urbaser,True,es
co-f47eace38c729509,UserWise Services,True,es
co-362afc838bd80e78,VINCI,True,es
co-2ef6a326e91ec43b,VISEO - Spain,True,es
co-0835eecf47c473b7,Veepee,True,es
co-d3bd3997a71d091a,Veeva Systems,True,es
co-c347e8041562fc79,Verisure,True,es
co-1c5b982e7f9914d3,Visium Sa,True,es
co-922a671d765cf339,WAM,True,es
co-2ac406d4f04e2b17,WORLD 3D Ltd.,True,es
co-cad9dca157c9baab,WPT Global,True,es
co-7044e201868d970f,WSP Spain,True,es
co-7ddb27f53ca6a307,WebBeds,True,es
co-faf1be7c0f2a6c3b,Wodker Associates,True,es
co-68e72f5d171141a7,YABA,True,es
co-6fd84f7c43dc84c5,Zaelab,True,es
co-d0545baa610bb65f,Zynga,True,es
co-42f203952e7958b4,adm-Indicia,True,es
co-4fc96785d6c53618,assininedesigns,True,es
co-972f0615aa9223fd,dentsu,True,es
co-89507ebd502d7393,domestiko.com,True,es
co-5823896a4fe56e82,eDreams ODIGEO,True,es
co-9a9bcf06e8362ff6,eXperience IT Solutions,True,es
co-48149e7b96927bfa,emineo.ch,True,es
co-d404ad0428815a34,knowmad mood,True,es
co-360eceaf17809a5f,4M Recruitment,True,gb
co-247804695a63204c,4Recruitment Services,True,gb
co-179b0cb9cc5d1900,ABL Recruitment,True,gb
co-214d74a7a08246dd,ABM UK,True,gb
co-d0762c3a4e28a15c,AEGIS London,True,gb
co-2a949502e8087562,AFH Financial Group,True,gb
co-007ee62482d26c15,AJ BELL BUSINESS SOLUTIONS LIMITED,True,gb
co-ca66703387ad411d,AMS CWS,True,gb
co-57cc1511d6e01cf7,AND Digital,True,gb
co-eb527d6b62a7144f,AQR,True,gb
co-dc2201ea71ffdcff,Accenture,True,gb
co-bbd2ec8135f7e25b,Acrisure,True,gb
co-5d0da633c5eb15ac,Ad Warrior Ltd,True,gb
co-b4f744a73760db7c,Adaio,True,gb
co-ec13b8b833847e12,Addepar,True,gb
co-abfe4c95bd370a46,Addition,True,gb
co-09baaff1c303117a,Adecco,True,gb
co-7700b3cbea6dcf03,Adepta Partners Limited,True,gb
co-beda6b07212b0e5e,Adria Solutions Ltd,True,gb
co-0eb4c1436f3697c7,Adroit People Limited,True,gb
co-9fe79c810a892ad8,Advance TRS,True,gb
co-7790f06765c28855,Ageas,True,gb
co-47cbcb31cdaeb6e1,Aiimi,True,gb
co-9e30e8812836bd86,Air Apps,True,gb
co-1eee5fd7d91d4e0a,Airbus,True,gb
co-d3ee70f44cea6308,Akkodis,True,gb
co-e7257461df79f1f3,Alexander Dennis,True,gb
co-e6390ef3a0d17cf9,Alexander Mae Ltd,True,gb
co-d8d0ae5e39fbec50,Allica Bank,True,gb
co-2ff77a2b0f66d4b2,Amazon,True,gb
co-d5f4f7fa944419a8,American International Group,True,gb
co-70e2fa662e5e6ce2,Ameriprise,True,gb
co-e36379cdbe4aa444,Amey Ltd,True,gb
co-299386685eb31a59,Amtis Professional Ltd,True,gb
co-a055246d41730dd1,Anaplan,True,gb
co-b84df84de837bc5b,Anglian Water,True,gb
co-ea480c9dc3388794,Anglian Water Services,True,gb
co-57f59e9a3547c666,Anne Corder Recruitment,True,gb
co-273f41ba777c8c94,Anson Mccade,True,gb
co-8faf02f2fac009e1,Aqovia,True,gb
co-822c6f621b38f61a,Aquent,True,gb
co-69b18ac83cfbf6bf,Aquent UK,True,gb
co-97cb1af46c8e8168,Arboris,True,gb
co-ed0f1640aa198dc6,Arc IT Recruitment,True,gb
co-5ee0f3d1a196b34e,Arcadis,True,gb
co-f66bc1b64232c8f2,Arch Capital Group,True,gb
co-7f2c12c4ee3f9a4a,Artemis Technologies,True,gb
co-ba8341bbeccb4b99,Arthur J. Gallagher & Co.,True,gb
co-174a611535a82c68,Artis Recruitment,True,gb
co-605aff6885bb58a0,Arup,True,gb
co-6b5c307acf57a4b1,Arvato,True,gb
co-302b118003aaeffd,Arvato SCM UK Ltd,True,gb
co-bd3b8b9ca14f4306,Ascent Resourcing Limited,True,gb
co-d80eefd27863a589,Ashdown Group,True,gb
co-9a5e60a2eef4ab77,Ashurst Perkins Coie,True,gb
co-3801b4571f77f37d,Aston Martin F1,True,gb
co-7602095ef64f4bcf,AtkinsRéalis,True,gb
co-1b352536189627fb,Atomos,True,gb
co-e4723bd51a22e73b,Auto Windscreens,True,gb
co-5b44bf6dcd80261f,AutoTrader UK,True,gb
co-99720014995e2339,Avaloq,True,gb
co-849677f99dffb733,B&Q,True,gb
co-fc75f93f6c7f771c,BAE Systems,True,gb
co-a4cd322496a245ce,BBC UK,True,gb
co-651d65b85364fce8,BCM Global,True,gb
co-eaf3e56f9ed75030,BDO,True,gb
co-2ad2d6a92e777bfa,BDO LLP,True,gb
co-1078dc39e6c62ade,BDO Recruitment,True,gb
co-cab1446ce896eb39,BGC Partners,True,gb
co-fdd77b90b1cd9f7c,BP Energy,True,gb
co-76bf30558e485f66,BPHA,True,gb
co-411b8e3c4f4ea5f0,BRIAN DURHAM RECRUITMENT SERVICES LIMITED,True,gb
co-531ca4fa416636b2,BRITISH MEDICAL ASSOCIATION,True,gb
co-4b7f6a96d1402140,BX,True,gb
co-263d2c8e61161065,Baillie Gifford & Co,True,gb
co-946cb4b272971e0e,Baltimore,True,gb
co-924b205cb6c8cc0b,Baltimore Consulting,True,gb
co-55b723ab35ed78dd,Baltimore Consulting Limited,True,gb
co-07310f857064f966,Bank of China,True,gb
co-2a1c388d48e4446c,Barclays,True,gb
co-a12227b77de8354d,Beamery,True,gb
co-be1c3950fce0c8c3,Belinda Roberts Ltd,True,gb
co-c4ef6c3f61673991,Berkmann Wine Cellars,True,gb
co-99a045b14fcd3971,Biffa Waste Services,True,gb
co-7d4d66a458ab75e9,BioPhorum,True,gb
co-941781a9143f9ce8,Birketts,True,gb
co-cc5bcff5f70b5cc5,Birketts LLP,True,gb
co-69a362e0a242006f,Bleckmann Solutions UK,True,gb
co-6ebc0ee293de8206,Blue Cross,True,gb
co-ff0ffa4d16224021,Boeing,True,gb
co-1e0105cb36ff5dfd,Brian Durham Recruitment Services,True,gb
co-88bcdbc85a1fbf10,Bridge Recruitment UK Ltd,True,gb
co-6bb501587454d7c1,Bright Purple Resourcing,True,gb
co-273d28af5ea6a8a5,Bristow Group,True,gb
co-081435e49e4a9455,British Heart Foundation,True,gb
co-5eb42b010a80910a,Brookson,True,gb
co-b6eaf0c0ae09d440,Broster Buchanan,True,gb
co-b3c9305d1bba8721,Burberry,True,gb
co-29bb0cc57c9b6789,CBSbutler Holdings Limited,True,gb
co-2e546b16114fdc36,CBSbutler Holdings Limited trading as CBSbutler,True,gb
co-5d0b467c9472e6a0,CDP Global,True,gb
co-23101f3f1c05502f,CI&T,True,gb
co-af2c045026398fda,CMS Distribution,True,gb
co-720e0fe9e4e24f7e,CNA Hardy,True,gb
co-3481edcb6a72c913,CPS Group Limited,True,gb
co-df9973ea1091685c,CRELIMUK Credera Limited,True,gb
co-95da2ecbb51a0a1f,CSC,True,gb
co-a828afc1668db042,CSC Corporation Service Company,True,gb
co-15b0e40bd3e310bf,CUBE,True,gb
co-7a1efc00c0c4f281,Cadeler,True,gb
co-36a5359394cd6c17,Cadillac Formula 1® Team,True,gb
co-ffdda5ce1545f584,Canopius,True,gb
co-3b8e81dff98c4471,Capco,True,gb
co-f0bb95d0baf329f7,Capgemini,True,gb
co-d29d485d18eb4702,Capital One UK,True,gb
co-67452b53ebde2a45,Career Moves Group,True,gb
co-c8138b4b0de3facc,Castle Trust Bank,True,gb
co-32286541ae80ccb3,Catalyst,True,gb
co-2dbcd69c57062a9c,Catch22,True,gb
co-1fe976b4e4378f8f,Cathcart Technology,True,gb
co-d57ca89cbc6faa3d,Cencora,True,gb
co-33df9f6347512ecc,Centrica,True,gb
co-43ef62eb9202880a,Centrica - CHP,True,gb
co-72c565ce62eb5e53,Chambers and Partners,True,gb
co-6705f5ee09587207,Change Grow Live,True,gb
co-f89f6acb0b508f71,Chartered Insurance Institute,True,gb
co-5f0dd499e2dc4d8a,Checkout.com,True,gb
co-cae33acebebdff41,Chelsea FC,True,gb
co-6a1601786868e3c6,Chemist4U,True,gb
co-f5886bed6483845a,Cherry Professional - Relationship Led Recruitment,True,gb
co-464bf71ce9855b24,Chiltern Railways,True,gb
co-675d817b8fb8c22a,Chip,True,gb
co-6495e58218f99ebe,Circom Limited,True,gb
co-44502a7a27441c6c,Citi,True,gb
co-d4433dd1d55d386e,Citigroup,True,gb
co-585e04166ee03dfb,Citrus Recruit Ltd,True,gb
co-0ba9e04af2f3b2e2,City of Durham,True,gb
co-e1325bc59b8adea0,Clearwater People Solutions,True,gb
co-819e5cd0922b00d4,Close Brothers Group,True,gb
co-45a72167567b5985,CluePoints,True,gb
co-01eb2bd5163f2808,ClwydAlyn Housing,True,gb
co-97af82fb8c0ab120,Clyde Valley Housing Association,True,gb
co-d2add2fee1c8161f,Coastline Housing,True,gb
co-c80d09a6dc816995,Cochlear,True,gb
co-92e3e51e4153a636,Cognizant,True,gb
co-fe458b009f9e6160,Cognizant Technology Solutions,True,gb
co-a84495ed463fe39c,Collinson Group,True,gb
co-167b5f48f507eaec,Community Eye Care CHEC,True,gb
co-823da322a79913ca,Compass Group,True,gb
co-9e5ecd92a18563bf,Compass Group UK & Ireland Ltd,True,gb
co-768ea69b1117bfc8,Computappoint,True,gb
co-47c0ccfed7efb716,Computer Futures,True,gb
co-eb62068731d0075f,Computershare flexible Talent,True,gb
co-a90cac9a2952e74d,Concentrix,True,gb
co-042f310ce284d372,Concept Resourcing,True,gb
co-483166a45fa2eb9c,Confidential,True,gb
co-ea063d352fa4fe0a,Consortia,True,gb
co-fda40e7d366ae7ef,Consula Group LTD,True,gb
co-c2adbbbc04ef31aa,Contechs Consulting,True,gb
co-2d9c0a0a57eb9ede,Contentsquare,True,gb
co-87f5b8c52af999dd,Corecom Consulting,True,gb
co-3ea5e5bbcae50583,Corecruitment International,True,gb
co-e041235c409558be,Costello Medical,True,gb
co-e9597d857a42184d,Coventry City Council,True,gb
co-884f6547a7606b5d,Creideas,True,gb
co-50fbe0cb538df559,Crew Clothing Head Office,True,gb
co-f0ef54fb5362a908,Crédit Agricole CIB,True,gb
co-309993d2401d3d1e,Cummins,True,gb
co-a368aab3914358b0,Current Open Roles at Daphne,True,gb
co-3f6dc91fa07c71fe,Cyberteam,True,gb
co-6aa5168db4c6ada5,Cytora,True,gb
co-420ec0a69c22cfab,DCV Technologies,True,gb
co-441fa632b4b547e0,DFDS,True,gb
co-3793e71190278217,DO & CO,True,gb
co-c49ec5bdf6d115b3,DOCOsoft,True,gb
co-b6b2d0bd4f0d8607,Dale Farm Ltd,True,gb
co-7a5ccb39dbc398f5,Damia Group Ltd,True,gb
co-676639c9f0a64282,Data Jobs at ITOL Recruit,True,gb
co-3f9c5d0e813768e1,Datatech,True,gb
co-940d2c88789995c6,Datatech Analytics,True,gb
co-e1eb125648b17d6d,Dee Set,True,gb
co-1ccd91cccf663617,Defence,True,gb
co-b757e29967ffb560,Deloitte,True,gb
co-3657077b3e49eadb,Deloitte - Recruitment,True,gb
co-9d96efbd2170f23a,Delta Capita,True,gb
co-fc1178b5ad1faa29,Deutsche Bank,True,gb
co-624b421af38651b6,Develop,True,gb
co-217c166b20fcc07b,Distinct Recruitment,True,gb
co-f1eb18240c2d3676,Doves Farm Foods,True,gb
co-a346b4a0861981bb,Dudley Building Society,True,gb
co-7242f0c636bbf379,ECS,True,gb
co-02c893363af9d7c0,ECS Resource Group Ltd,True,gb
co-60a7c057682d5e7b,EF Recruitment,True,gb
co-c7f9b7f7c1ab2ad7,EQUANS SERVICES LIMITED,True,gb
co-d0c6fb848682f83e,ESP Utilities Group Ltd,True,gb
co-088301d0c74dfb48,Eaglecliff Limited,True,gb
co-98aac4eb5442fa54,East London NHS Foundation Trust,True,gb
co-07335054293b8595,East Lothian Council,True,gb
co-91f7ad3d98d1bf9e,Easyjet,True,gb
co-7f380c362bed6760,Eaton Corporation,True,gb
co-da4bba05969f9eca,Eclipse IT Recruitment,True,gb
co-13b9a4179426d319,Eden James Consulting Limited,True,gb
co-17aa7bbf97b85e2f,Eligo Recruitment Ltd,True,gb
co-3a853cf9cfe0d2d0,Elior,True,gb
co-cf8966e08c7522b9,Elsevier,True,gb
co-fb046980d1845513,EnerMech,True,gb
co-5e0fed2fa811bf6e,Enverus,True,gb
co-c517a0486f221b9d,Envitia,True,gb
co-4da980f405b31981,Equifind,True,gb
co-df3263bf7fff9dc2,Equiniti,True,gb
co-0a5f98bf1b3bc689,Eriban Business Services Ltd,True,gb
co-8303303926e063f6,Erin Associates,True,gb
co-556f1ed884839dc8,Ernest Gordon Recruitment Limited,True,gb
co-803d96122323b741,Essential Employment,True,gb
co-ca865d1328f5e777,Eurofins,True,gb
co-813c6cd645157152,European Tyre Enterprise Limited,True,gb
co-fbfc910b25f6e22a,Everforth Quinnox,True,gb
co-5b015d9684709877,Executive Facilities,True,gb
co-ab45da5a625d8fae,Eximius Finance,True,gb
co-6690cc4b26909d42,Experian,True,gb
co-fa2806871f987b47,Experis,True,gb
co-cdb5981e13dee312,Experis UK,True,gb
co-a3f092514ccc05a5,Expleo Group,True,gb
co-a58c72160de146f1,Exposed Solutions,True,gb
co-3ed0dcc14a091bae,FAIRR Initiative,True,gb
co-4aee74b0c58b1060,FBI &TMT,True,gb
co-9f233a60a1b00391,FDM Group,True,gb
co-55e622317a6d3e26,FE fundinfo,True,gb
co-a377d622d4480a51,FIS Capital Markets,True,gb
co-6b18edc5606825cc,FLTalent,True,gb
co-48e7174beae56765,FT Recruitment Group,True,gb
co-51fa6de315627a48,Fabric Recruitment,True,gb
co-fb59b29da8bd0508,Fabric Recruitment Ltd,True,gb
co-f1d5993e727035e9,Fairtrade Foundation,True,gb
co-9d756f5b056b5e7a,Fastmarkets,True,gb
co-79e6112547f0d7e8,Find Recruitment Group LTD,True,gb
co-188bb72be87fb0ca,Findtutors,True,gb
co-c2938f305fdf28f8,First Databank,True,gb
co-674580c8da622c58,Fisher Investments,True,gb
co-cce18001525c5bdc,Fitz Partners,True,gb
co-55d46084881a4a17,Focus Group,True,gb
co-ef74e298895fc53f,Foresight Data Ltd Consultancy,True,gb
co-5fd49dfc3fbb6b06,Forterro,True,gb
co-2d3e9bf2a095fa51,Franklin Bates,True,gb
co-6435095bcaa19fe6,Fruition Group,True,gb
co-a353d5027f74e2fc,Futureheads Recruitment,True,gb
co-81e6b6b6448a8f90,Futures,True,gb
co-578d7d554acd1dc9,G MASS,True,gb
co-0155808a71a48fb6,GEDU Global Education,True,gb
co-442e37f4b695a720,GIS Jobs Ltd,True,gb
co-5bb93e13145f533d,GIS Recruiter Ltd,True,gb
co-62f0f0b469d6d761,GO POWER,True,gb
co-b809e32ffedbf5b3,GSF Car Parts,True,gb
co-dcfe5ccff01393f0,GSM Conference Services,True,gb
co-27d72c263c8ceb85,GXO Logistics,True,gb
co-8ea5328b4241c6cf,Gallagher,True,gb
co-81b33e904def670c,Gartner,True,gb
co-d412b048ff8c08dc,Gazelle Global Consulting Limited,True,gb
co-8744f6fad4e89ad3,Goldman Sachs,True,gb
co-f70037e7a6473680,Goodman Masson,True,gb
co-a1b6db89d339a0d5,Gopuff,True,gb
co-93789b86d3e6e1c8,Gousto,True,gb
co-81a07f198fc2164d,Graduate Recruitment Bureau,True,gb
co-5ff2f237dea31534,Grafton Banks Limited,True,gb
co-688b79b925c6a3cd,Granite Recruitment and Consulting Limited,True,gb
co-e8c942dc7a1e5a36,Greene King Corporate - BRA 001,True,gb
co-778728c6b7ce698f,Greensphere Capital,True,gb
co-a84246981ea160fa,Gresham,True,gb
co-166b27377d86ddea,HAYS Specialist Recruitment,True,gb
co-4228cea649b4e937,HGF,True,gb
co-8310bc8c6b84dfc8,HH Global,True,gb
co-6c73eca00273cbbd,HOOPLE LTD,True,gb
co-7c5292f83319425f,Hackajob Ltd,True,gb
co-8fcd7d321b9b8806,Halian Technology Limited,True,gb
co-4bbbffabc0b4aab6,Handle Recruitment Limited,True,gb
co-063000a55cb248d4,Hanson Lee Resourcing Ltd,True,gb
co-f8a35aa3357107d9,Harnham - Data & Analytics Recruitment,True,gb
co-cae9d0afb32073c5,Harvey Nash,True,gb
co-63885b9a3c1c7b4d,Havas,True,gb
co-b57fd353318f9390,Hays,True,gb
co-6ca374a7ae4b2d26,Hays Specialist Recruitment Limited,True,gb
co-f157c4faaa85d6d7,Hays Technology,True,gb
co-9fc58adb233e8a2c,Hellios,True,gb
co-b0193d55b9217fe9,HelloKindred,True,gb
co-8013d4bd685602a8,Here,True,gb
co-fba4ce5923d62ce1,Herefordshire Council,True,gb
co-ee99286c0db639be,Hexwired Recruitment,True,gb
co-10f035ca858ea186,Hippo Digital,True,gb
co-900a8e8e6797551b,Hippo Digital Limited,True,gb
co-57e481f9f2c765ee,Hogan Lovells,True,gb
co-bbe669d1d64ccddb,Home Group Limited,True,gb
co-2be28fb36c7833c3,Hong Kong Exchanges and Clearing,True,gb
co-9855e91db5342774,Hoople,True,gb
co-4621e8691173c54b,Howden,True,gb
co-edc5956bcd792913,Hunter Bond,True,gb
co-7f4a1267e33f91b5,Huxley Associates,True,gb
co-3cd0587d2641289f,Hydro International,True,gb
co-0ed523a0016d3cfd,Hypercreate Ltd,True,gb
co-4cb7ac42d4cc2dce,IBM,True,gb
co-901fd2ca904cbac6,ICONIC RESOURCING LTD,True,gb
co-10e72a14d949add4,ING,True,gb
co-c1a8efb7fbb0e068,INSIGHT INTERNATIONAL Limited,True,gb
co-edb393035feac265,IO Associates,True,gb
co-9646d0d277fd8812,IRIS,True,gb
co-5fda5903a7557d9b,ISR RECRUITMENT LIMITED,True,gb
co-4c39c0f8cec9c777,ISR Recruitment,True,gb
co-81851384b5bc3521,IT Career Switch,True,gb
co-00ebc98972c4996d,IT Online Learning,True,gb
co-a68c76e7eacbe183,IT Talent Solutions,True,gb
co-95f95972a0587657,IT Talent Solutions Ltd,True,gb
co-00089327174fb6e4,ITV,True,gb
co-bd792dcb8eb66322,IWT PHU Single Corporate Service,True,gb
co-e178389c05b6cfe8,Iberdrola,True,gb
co-d75e1b0d9c43349d,Infinity Quest UK,True,gb
co-a150d8dae9198fe5,Infotel UK,True,gb
co-695357afdde5549e,Intec Select Ltd,True,gb
co-f41ab5b2f15f21a5,Intercontinental Exchange,True,gb
co-626d465eed59556b,Investigo,True,gb
co-4cae35e516073ef0,Investment Real Estate,True,gb
co-2912300473b6f094,IronMountain Solutions,True,gb
co-14d57465f3c055f9,Isio,True,gb
co-b500949f3f00a65d,Islington Council,True,gb
co-9dc137d2b24e7714,J&J Family of Companies,True,gb
co-fe2d433afefcf0b5,JLL,True,gb
co-cc3c66237e6a7828,JPMorganChase,True,gb
co-1dbce1f0a980b5f9,Jackson Hogg Ltd,True,gb
co-f2f7dc1385af6f1b,Johnson & Johnson,True,gb
co-4cadcd654bd6c004,Jonathan Lee Recruitment Ltd,True,gb
co-87ca4ff0aad732e6,Just Eat,True,gb
co-1ede8547b6d606d3,Justice Digital,True,gb
co-e82e18bd790c8f66,KM Education Recruitment Ltd,True,gb
co-ae225a858bd9f572,KP UK,True,gb
co-c062739eaf3b1c07,Kaplan,True,gb
co-90597842157ac28a,Kaplan Financial Limited,True,gb
co-91515589208af340,Katie Bard & Angela Mortimer Plc,True,gb
co-3c09a27809f70ccc,Kia UK,True,gb
co-e09f2c8d892f216c,Kingston upon Thames London Borough Council,True,gb
co-780a9c1bc7834308,Know How Resourcing,True,gb
co-9a4766b4660920fd,Knowsley Council,True,gb
co-32e2d24cf75625da,Kobalt Music,True,gb
co-47822429d44dd19b,Kpler,True,gb
co-92327b68f28a3e7b,Kryptos Technologies limited,True,gb
co-8524a58f1e8dd6af,L R S,True,gb
co-f7cfc390f1cacbe2,LIVERPOOL CITY REGION COMBINED AUTHORITY,True,gb
co-9e21220f444e83ba,LTM,True,gb
co-7b3e2a80430694b8,La Fosse Associates,True,gb
co-72b436a4596e64de,Landsec,True,gb
co-4414a659acc70e2e,Langham Recruitment,True,gb
co-37d2e059a73c50bf,Leading Edge,True,gb
co-9e87f65ffb2312db,Leeds Building Society,True,gb
co-85bc1664658036f6,Leidos,True,gb
co-3bed084beec0a9c2,Levick Stanley,True,gb
co-0831fd324eff264d,Lewisham Council,True,gb
co-59a8413420c7e39c,LexisNexis Risk Solutions,True,gb
co-4470b81e9c06bad4,LexisNexis Risk Solutions Group,True,gb
co-d1b6ec05ec0e148a,Life Leisure,True,gb
co-e8047fbbe2c55b97,Lightspeed Commerce,True,gb
co-2baae6b0de6f0399,Linklaters,True,gb
co-4b7bc47cb6cc541d,Lioness Recruitment Ltd,True,gb
co-4ca2f0bd28a4308a,Live Nation Entertainment,True,gb
co-0b4b8eac519bbd9e,Lockheed Martin,True,gb
co-8d7fcd820152f61c,Lorien,True,gb
co-df1d2b233b0c6adf,Lorien Impellam,True,gb
co-7344f354eda77538,Lorien Resourcing,True,gb
co-4593763a1ae96729,Lotus UK,True,gb
co-7b29d9f5dedd8063,Lovewell Blake,True,gb
co-0922edf1ade1f087,Lowell,True,gb
co-262c63244b73d13a,Luxoft,True,gb
co-e7aefbd9415ffd71,M&G FA Limited,True,gb
co-d0e311b9a8bdbda0,M&G plc.,True,gb
co-d2d7ed38ebb944ab,MASS,True,gb
co-7080c58244c42bde,MCS Group,True,gb
co-be77dca1681a7751,MRJ Recruitment,True,gb
co-697827d729a1ad1e,MSX International,True,gb
co-fbada351848ea65e,MSX International Limited,True,gb
co-31b3fdbcf4cf55f2,MW recruitment,True,gb
co-b26d6e62110dd1fe,Mace,True,gb
co-23b3f4c3854aa881,Man Group,True,gb
co-b521e7010bae4f64,Man Group plc,True,gb
co-92843753dfe7ba0f,Manchester City FC,True,gb
co-3a5227c1a19eae27,MandM Direct,True,gb
co-045ee1346b730844,Manpower UK Ltd,True,gb
co-ac9e895e43b7a7e2,Marks Sattin,True,gb
co-1191536cd0dce1ec,Marsh McLennan,True,gb
co-3a21415bfde9dbc9,Martignetti Companies,True,gb
co-b011d9bb2a12c885,Massive Rocket,True,gb
co-a773903940d97b4c,Mastercard,True,gb
co-0daed76ead6ff700,Matchtech,True,gb
co-37a23cde77fa21cf,Matterport,True,gb
co-9a28d3d6368a62d4,McGregor Boyall Associates Limited,True,gb
co-2cc576f6a130b6dc,MemberWise,True,gb
co-008cdcf2936ae725,Meraki Talent Limited,True,gb
co-154dc7f039ddc29b,Mercor,True,gb
co-d349e2d0887ece07,Meridian Business Support,True,gb
co-f6ffbbbd1a517c81,Metropolitan Police Service,True,gb
co-d4da86559f7d5084,Michael Page,True,gb
co-25783addba264e58,Michael Page Business Support,True,gb
co-cfc21e203165bb86,Michael Page Technology,True,gb
co-82a4521c3934f461,Ministry of Justice,True,gb
co-77f136304511468d,Moat Homes,True,gb
co-b2306eb684232888,Montu UK,True,gb
co-da1b232a3f2d74de,MorePeople,True,gb
co-b3865de2fdb9d91d,Morgan Hunt,True,gb
co-05858340e9230098,Morgan Law,True,gb
co-747ddba9decaf96e,Morgan McKinley,True,gb
co-cbf08d567e1079dc,Morson Edge,True,gb
co-7def3885d5d591b0,NEWTO TRAINING LIMITED,True,gb
co-8336f659fe98316b,NRL Recruitment,True,gb
co-4868641dcb8951a9,NTT,True,gb
co-962ad5f619b8041b,"NTT America, Inc.",True,gb
co-563e520f98e5ed1c,NTT DATA,True,gb
co-3e9078ae92e17599,National Autistic Society,True,gb
co-a38cb2b15effc5a1,National Health Service,True,gb
co-66f475dd2b094fbd,National Highways,True,gb
co-bda88ebfc42cb07c,Nationwide,True,gb
co-f8710e562c47f265,Navitas,True,gb
co-994997708ff33d36,Netcom Online Learning,True,gb
co-4a68ee36840bcd3a,Netcom Training,True,gb
co-85716c09d6d31318,Netcompany,True,gb
co-18c37faee2d92206,Newcastle United FC,True,gb
co-f26601cfc486982e,Newlon Housing Trust,True,gb
co-711a657c1a912f5a,Next-Link,True,gb
co-91d2e952fccafb07,Nextech,True,gb
co-0254d77b325693d9,Nexus Jobs Limited,True,gb
co-1f35f5fa73913591,Nigel Wright Group,True,gb
co-86e1eb6c47bec26d,Nomad Foods Europe / Birds Eye,True,gb
co-9e22ed24d8e70393,North Oak Recruitment,True,gb
co-d0a8f006ba5f02bf,North Oak Recruitment Ltd,True,gb
co-b1df844fa5c65d3c,Norton Blake,True,gb
co-6e8958d6d78231bb,Norton Rose Fulbright LLP,True,gb
co-c14a6751104d8dd7,O.C.S. Consulting Plc,True,gb
co-5886a68d6cc1bb51,Ocean Housing,True,gb
co-6f6ebda40d053e50,Ocho,True,gb
co-2f886d436a49e21e,Octopus Energy Group,True,gb
co-c3e8091dca49550d,Ofgem,True,gb
co-d786f2115d61d94f,One Ten Associates,True,gb
co-e1a1a0e970e2c1a5,One World Recruitment Ltd,True,gb
co-10a6ca856bcef98a,OneForma,True,gb
co-c7d4255f16d5fab9,Onnec,True,gb
co-2525eb649baee7b3,Openwork,True,gb
co-ad25a44dc6001ddd,Opus People Solutions,True,gb
co-1a083e1483bbd990,Opus Recruitment Solutions,True,gb
co-6634bc0680c4d68e,Opus Recruitment Solutions Ltd,True,gb
co-04836661702b084d,Ortus PSR,True,gb
co-377027bc3027a571,Osborne Appointments,True,gb
co-a02c589c5bff7850,Oscar Associates Limited,True,gb
co-6dc903f2deed80e7,Oscar Technology,True,gb
co-5521ea8d9b847089,Oxford Brookes University,True,gb
co-b8f53e651e4165ac,PDSA,True,gb
co-b6386186a2569e2a,PIC,True,gb
co-4cfaa5a7f5ff0cdc,PIMCO,True,gb
co-99bae26658748afa,Paddle,True,gb
co-ce98dbaba04d2942,Palo Alto Networks,True,gb
co-4bbca02c3dfb6ade,Patrizia,True,gb
co-a70a72ecf833173e,Pave Talent Partners Limited,True,gb
co-423193fde3192929,Peabody,True,gb
co-714a7472ccc4fe1a,Peak 21,True,gb
co-285b63603ec83f83,Pearson Carter,True,gb
co-e31e9c19bbd898b7,Pearson Whiffin Recruitment Ltd,True,gb
co-7cbc3206203de5d9,Penguin Recruitment,True,gb
co-402391e0754de90e,PeoplePlus,True,gb
co-97d4965206220901,Permanent Futures Limited,True,gb
co-5b674c8bda289fb0,Permax Recruitment Limited,True,gb
co-e7258cd6275658d7,Pertemps,True,gb
co-03c4af5ef8ff0659,Pertemps Thames Water,True,gb
co-dedba66bfaf9c385,Playtech,True,gb
co-e9e7e75156fd388c,Police Scotland,True,gb
co-2bb5e6c79ed9ac3f,Pontoon,True,gb
co-10e0b871b986cd20,Portare Solutions Limited,True,gb
co-163d9a6033b3a10e,Pracyva ltd,True,gb
co-f87c9edbe4483b87,PredictX,True,gb
co-fa7cbfc9a6980c06,Premea Limited,True,gb
co-873983e641d5d784,Premier League,True,gb
co-2e0eb40703cc357a,Prestwick Aerosystems Limited,True,gb
co-42c96bdd3bc44992,Prevailance,True,gb
co-1570ade56affbea6,Prima,True,gb
co-7ebe4176e6249204,Prize Placements,True,gb
co-d14813e317f7fbbc,Proactive Appointments,True,gb
co-579844934093340f,Proicere Digital Ltd.,True,gb
co-f24774dfa3207b65,Project Blackbook,True,gb
co-55ba12eca3dca368,Prudential Distribution,True,gb
co-e86de7b74ab9d5e1,Public Sector Resourcing,True,gb
co-e4e954b56297f1e4,Publicis Media,True,gb
co-3dcb3cbd24e44787,Pure Resourcing Solutions,True,gb
co-7355a72df00f3fb3,Pure Resourcing Solutions Limited,True,gb
co-ac133dbcf61974c2,QA,True,gb
co-7caf58efcfa09327,QA Apprenticeships,True,gb
co-d80f4cbc39d0705e,Qontigo,True,gb
co-aa2e014f8aa4c38c,Quickbase,True,gb
co-6b90e689bdd96d60,"RK Accountancy, Finance and Business Support",True,gb
co-315575f79e5c211d,RLE International,True,gb
co-b34b5a56c15502d4,RSK Group,True,gb
co-988465639786da93,RTX,True,gb
co-031a7ce184434fdd,RTX Corporation,True,gb
co-da2abd63348ba1e8,Randstad Digital,True,gb
co-906cb1dd42d235bc,Randstad Technologies Recruitment,True,gb
co-f5ce6d9043b60a3f,Rated Traders Ltd,True,gb
co-4b13064bf9949f64,Rathbones Group Plc,True,gb
co-b92b4c81a517bea2,Rebel Recruitment Limited,True,gb
co-1522cdf1c197211d,Recruitment Hub,True,gb
co-8c4ab4b414d35504,RedCat Digital,True,gb
co-1de3c31e5d0585c4,Reed,True,gb
co-2ee7b3dff4f18428,Reed Technology,True,gb
co-53be42940a2bb682,Right People Recruitment Solutions,True,gb
co-5e425876deda33f7,Rightmove,True,gb
co-dbdd8ce83614f6d7,Rise Technical Recruitment,True,gb
co-16872a98ad636441,Riverside Recruitment,True,gb
co-45dc35c42b4e675e,Robert Half,True,gb
co-51d3bdcdad7bbe31,Robert Walters,True,gb
co-73c5eea5d91b473f,Rockstar Games,True,gb
co-88d38a29469f14b1,Rosie's People,True,gb
co-42c83342fc946243,Rotork,True,gb
co-514a07b4ca8e7973,Royal Ballet & Opera,True,gb
co-262e7c6463169de0,Royal Bank of Canada,True,gb
co-3dd63086192072c9,Royal British Legion,True,gb
co-0f98c33a99986418,Royal London Group,True,gb
co-af556ac9f4d48799,Rutherford Cross,True,gb
co-af8b4ed9fb5be486,SC Johnson Professional,True,gb
co-629ea3fe1bc6280a,SF Partners,True,gb
co-36ae49f6d4155a37,SNG,True,gb
co-7197efa469ae3d95,SR2,True,gb
co-677515fe6d0a3991,SR2 REC LTD,True,gb
co-acd12759eaff603f,SRG,True,gb
co-1b5c73b4d196a53a,SThree UK,True,gb
co-2d8dd15c841cfea0,Safran Group,True,gb
co-96e9ebd365e2d5e9,Salary Finance,True,gb
co-50c469b01b7792e5,Sanderson,True,gb
co-01b51a0f70365bd3,Sanderson Recruitment,True,gb
co-55b851301bbe17b1,Saragossa,True,gb
co-cee05a1579dd3e02,Scale Factory,True,gb
co-5519006ce206e3b4,Scottish Environment Protection Agency,True,gb
co-c19a2831f1217eeb,Scrumconnect Consulting,True,gb
co-19a7c1475a9bd82c,Searchability Ltd,True,gb
co-3115e157aecc2758,Select Engineering,True,gb
co-80bc7287c16645c5,Sellick Partnership,True,gb
co-30d960ee00b22de6,ShortList Recruitment Limited,True,gb
co-7dcab6dad5d68b2b,Simarco,True,gb
co-0204ae3f576f49d8,Skipton Building Society,True,gb
co-0db298e5e1a33a71,Soldo,True,gb
co-355d0fd5d1f22306,Solera,True,gb
co-de751a038c48c1ed,Solirius Consulting,True,gb
co-ad291a8896d179f9,Sony Pictures Entertainment,True,gb
co-fcfe905d264508a2,Southern Lights,True,gb
co-3ebbc0f9b01eea7a,SouthernWaterServices,True,gb
co-8a928fd02ad31403,Sovereign Network Group,True,gb
co-535b25599be74db2,Sparta Global Limited,True,gb
co-f7e29d737c8d86df,Specialist Recruit,True,gb
co-2bb30dc3490855d2,Spectrum IT Recruitment,True,gb
co-bc2a01f0a7b45eb7,Spinwell Global,True,gb
co-7b8c0387cc61050a,SportRadar,True,gb
co-7a84b7d1583d4a5e,Spotlight Sports Group,True,gb
co-465799d083b59e57,Square One Resources,True,gb
co-548cc91735c1090d,Staffordshire County Council,True,gb
co-5f6f23333e89a7c5,Standing on Giants,True,gb
co-08287b516f79f59b,Starling,True,gb
co-00f72058645045cc,Starr,True,gb
co-6a0caf904477d1a1,State Street,True,gb
co-668e5ba467746e6a,Stealth IT Consulting Limited,True,gb
co-554aecfdfa65a795,Stratospherec Ltd,True,gb
co-3c748cb873336df0,Suez Recycling & Recovery UK,True,gb
co-f41b15134b256326,Suffolk county council,True,gb
co-311508de7517f328,Supernova Technology,True,gb
co-85454099a0e98514,Swindon Borough Council,True,gb
co-7705a0f9385a382e,Swissport International,True,gb
co-6b909344f0046af4,Sword Group,True,gb
co-a69681d06101ef91,Synnovate,True,gb
co-87e413e887e3b02e,System Canada Technologies,True,gb
co-5351837be6454908,Systems,True,gb
co-1c27f1e54a1efbea,T. Rowe Price,True,gb
co-f8d17b711f353bc4,TELUS Digital,True,gb
co-89883c36f944c12d,TLN Worldwide Enterprises,True,gb
co-86b2d81bbc23843b,TP ICAP Group Services Ltd,True,gb
co-f59ea200304522ef,TPXImpact Holdings Plc,True,gb
co-e2b061f19ee0a44a,TQR,True,gb
co-e25c510f9414f9b5,TQR Consultancy Ltd,True,gb
co-1ff63fe48330cd24,TRG Screen,True,gb
co-bd31a452504720fd,TXP,True,gb
co-a8e21f5259ed4d1c,TXP Technology x People,True,gb
co-a6e11ff59955db2e,Tata Technologies Europe Ltd,True,gb
co-a83b929adde8f55b,Taylor James Resourcing,True,gb
co-2ac65ff16171b336,Teksystems,True,gb
co-1067d827469e0362,Tenth Revolution Group,True,gb
co-38b7f7961781b109,Tes,True,gb
co-840a23d2a0e23c98,Tes Global,True,gb
co-974d00df8c84fbfb,Test Triangle,True,gb
co-a7a7e811ce202a8d,Teya Solutions,True,gb
co-7f2909e309b3906f,The Fuel Group Limited,True,gb
co-ef3136e43ec1c314,The Nippon Telegraph And Telephone Corporation,True,gb
co-20faea896aec7960,The Opportunity Hub UK,True,gb
co-b0e4b5a645868cc6,The Progeny Group Limited,True,gb
co-b35fa5ee460ebcbe,The TOM team,True,gb
co-5b7cd015bc801bc5,The Vanguard Group,True,gb
co-ef9d994dcc90934d,The Very Group,True,gb
co-6b767deee3c0d4e5,Third Nexus Group Limited,True,gb
co-71e6dc697d1befce,Together,True,gb
co-757e97c83838c844,Tokio Marine Kiln Insurance,True,gb
co-60e5adb4a0efc01f,Trace,True,gb
co-ad28dcea45a23ccf,Travelodge,True,gb
co-a285d4d268f3db91,Tria,True,gb
co-e3aacdca2b469986,TrinityBridge,True,gb
co-d6e03d68fd686362,TripAdvisor,True,gb
co-0914b6bb64a3e38e,Truespeed,True,gb
co-ee4eabad03612320,Truespeed Communications,True,gb
co-354d106a9be95dda,Turner & Townsend,True,gb
co-78c5915685716607,Twenty Recruitment Group,True,gb
co-09a9ae6d559b6956,UNITED UTILITIES GROUP PLC,True,gb
co-f9038ae70c6d3fc8,Unisys,True,gb
co-8bcddf2cc6682755,United Utilities,True,gb
co-b93ee3f853139ca0,University of Bath,True,gb
co-66094a1d49c43006,University of Edinburgh,True,gb
co-8049082a654d5544,University of Salford,True,gb
co-dead708485c19e30,University of York,True,gb
co-1813dff346c5e297,V7 Recruitment,True,gb
co-59f25a045b1e2172,VANRATH,True,gb
co-84c9f25249a06296,VIQU IT,True,gb
co-c8768d6ebb5cd7d3,VIQU IT Recruitment,True,gb
co-45111963532bb88f,VIQU Limited,True,gb
co-78a20809443ad50b,Vaerdi Recruitment Limited,True,gb
co-0c185cfbb3088ec4,Valeo Foods,True,gb
co-e817faf9c0257e1d,Veeam Software,True,gb
co-8bb94e5e76f10b75,Venn Group,True,gb
co-7266162d39252421,Veolia,True,gb
co-886718be064c43b7,Verisk,True,gb
co-076c5cab49393c97,Verisure,True,gb
co-62f009d068928c6b,Vertus Partners Ltd,True,gb
co-4046cb129bf50f21,Verum Recruitment,True,gb
co-f9178381400f6636,Viber,True,gb
co-0f16d207286a53f8,Virgin Money UK,True,gb
co-232fd3649b62650e,Vital Energi,True,gb
co-c5d54213d1dee992,Vitality,True,gb
co-fad41aa9f1b1b56d,Vivo Talent,True,gb
co-48a5897621f70464,Vocative Consulting,True,gb
co-6b667876b4319ebf,WSET,True,gb
co-3c42a589cc048a11,Warwickshire County Council,True,gb
co-ebe6b3c54486285f,We Are Fr Group,True,gb
co-5ef237189e49e084,WeDoTech,True,gb
co-1cbfc39478d033b3,Wesleyan,True,gb
co-8e426daa1ddd964a,West Bromwich Building Society,True,gb
co-301e0586263cd81a,White & Case,True,gb
co-c903cc022f38daa9,William Alexander,True,gb
co-a7792f9b0bbdc1a2,Wilson Sonsini Goodrich & Rosati,True,gb
co-d44c20f4c5a635b5,Wipro,True,gb
co-256ec22b0bb136ea,Wise,True,gb
co-8e4a7d2aa046c2bb,Work at Acme.com,True,gb
co-11f0f4b7840f84ae,Workman LLP,True,gb
co-9d81a53d1effc899,Wythenshawe Community Housing Group,True,gb
co-edb7e404d7c0e758,XIST4 IT Recruitment Ltd,True,gb
co-44d66c0f5b874503,Xist4 IT,True,gb
co-000e07637af58224,Xylem,True,gb
co-2ffb9a38531a660f,Yolk Recruitment,True,gb
co-752faaca504fee98,Yolk Recruitment Ltd,True,gb
co-d587d9d2c340479b,Yorkshire Water,True,gb
co-4fc49b289380ab61,ZIGUP,True,gb
co-9a1f385cb8d0434f,Zachary Daniels,True,gb
co-c3abba55f47f9a36,Zachary Daniels Recruitment,True,gb
co-6473c312fdd898a0,Zebra Technologies,True,gb
co-ee8b2d11bc295559,Zepz,True,gb
co-6ea1267e412f45bf,Zippd,True,gb
co-854e417169db6399,Zopa,True,gb
co-cc5e7fd9044e18f8,Zopa Bank,True,gb
co-fcbf6492714fa4ea,bp,True,gb
co-26e373271421f21c,cgi,True,gb
co-904b89263356a5fa,i.AI,True,gb
co-a720446d2134494c,iProov,True,gb
co-f2f58683bca17577,iamproperty & iamsold,True,gb
co-17658d5df6a93d32,max20 Project Solutions,True,gb
co-74e483aa5fa923df,tem,True,gb
