date_key,date,year,quarter,month_number,month_name,year_month,iso_week,week_start,day_number,day_name,is_weekend
20230208,2023-02-08,2023,Q1,2,February,2023-02,6,2023-02-06,8,Wednesday,False
20230209,2023-02-09,2023,Q1,2,February,2023-02,6,2023-02-06,9,Thursday,False
20230210,2023-02-10,2023,Q1,2,February,2023-02,6,2023-02-06,10,Friday,False
20230211,2023-02-11,2023,Q1,2,February,2023-02,6,2023-02-06,11,Saturday,True
20230212,2023-02-12,2023,Q1,2,February,2023-02,6,2023-02-06,12,Sunday,True
20230213,2023-02-13,2023,Q1,2,February,2023-02,7,2023-02-13,13,Monday,False
20230214,2023-02-14,2023,Q1,2,February,2023-02,7,2023-02-13,14,Tuesday,False
20230215,2023-02-15,2023,Q1,2,February,2023-02,7,2023-02-13,15,Wednesday,False
20230216,2023-02-16,2023,Q1,2,February,2023-02,7,2023-02-13,16,Thursday,False
20230217,2023-02-17,2023,Q1,2,February,2023-02,7,2023-02-13,17,Friday,False
20230218,2023-02-18,2023,Q1,2,February,2023-02,7,2023-02-13,18,Saturday,True
20230219,2023-02-19,2023,Q1,2,February,2023-02,7,2023-02-13,19,Sunday,True
20230220,2023-02-20,2023,Q1,2,February,2023-02,8,2023-02-20,20,Monday,False
20230221,2023-02-21,2023,Q1,2,February,2023-02,8,2023-02-20,21,Tuesday,False
20230222,2023-02-22,2023,Q1,2,February,2023-02,8,2023-02-20,22,Wednesday,False
20230223,2023-02-23,2023,Q1,2,February,2023-02,8,2023-02-20,23,Thursday,False
20230224,2023-02-24,2023,Q1,2,February,2023-02,8,2023-02-20,24,Friday,False
20230225,2023-02-25,2023,Q1,2,February,2023-02,8,2023-02-20,25,Saturday,True
20230226,2023-02-26,2023,Q1,2,February,2023-02,8,2023-02-20,26,Sunday,True
20230227,2023-02-27,2023,Q1,2,February,2023-02,9,2023-02-27,27,Monday,False
20230228,2023-02-28,2023,Q1,2,February,2023-02,9,2023-02-27,28,Tuesday,False
20230301,2023-03-01,2023,Q1,3,March,2023-03,9,2023-02-27,1,Wednesday,False
20230302,2023-03-02,2023,Q1,3,March,2023-03,9,2023-02-27,2,Thursday,False
20230303,2023-03-03,2023,Q1,3,March,2023-03,9,2023-02-27,3,Friday,False
20230304,2023-03-04,2023,Q1,3,March,2023-03,9,2023-02-27,4,Saturday,True
20230305,2023-03-05,2023,Q1,3,March,2023-03,9,2023-02-27,5,Sunday,True
20230306,2023-03-06,2023,Q1,3,March,2023-03,10,2023-03-06,6,Monday,False
20230307,2023-03-07,2023,Q1,3,March,2023-03,10,2023-03-06,7,Tuesday,False
20230308,2023-03-08,2023,Q1,3,March,2023-03,10,2023-03-06,8,Wednesday,False
20230309,2023-03-09,2023,Q1,3,March,2023-03,10,2023-03-06,9,Thursday,False
20230310,2023-03-10,2023,Q1,3,March,2023-03,10,2023-03-06,10,Friday,False
20230311,2023-03-11,2023,Q1,3,March,2023-03,10,2023-03-06,11,Saturday,True
20230312,2023-03-12,2023,Q1,3,March,2023-03,10,2023-03-06,12,Sunday,True
20230313,2023-03-13,2023,Q1,3,March,2023-03,11,2023-03-13,13,Monday,False
20230314,2023-03-14,2023,Q1,3,March,2023-03,11,2023-03-13,14,Tuesday,False
20230315,2023-03-15,2023,Q1,3,March,2023-03,11,2023-03-13,15,Wednesday,False
20230316,2023-03-16,2023,Q1,3,March,2023-03,11,2023-03-13,16,Thursday,False
20230317,2023-03-17,2023,Q1,3,March,2023-03,11,2023-03-13,17,Friday,False
20230318,2023-03-18,2023,Q1,3,March,2023-03,11,2023-03-13,18,Saturday,True
20230319,2023-03-19,2023,Q1,3,March,2023-03,11,2023-03-13,19,Sunday,True
20230320,2023-03-20,2023,Q1,3,March,2023-03,12,2023-03-20,20,Monday,False
20230321,2023-03-21,2023,Q1,3,March,2023-03,12,2023-03-20,21,Tuesday,False
20230322,2023-03-22,2023,Q1,3,March,2023-03,12,2023-03-20,22,Wednesday,False
20230323,2023-03-23,2023,Q1,3,March,2023-03,12,2023-03-20,23,Thursday,False
20230324,2023-03-24,2023,Q1,3,March,2023-03,12,2023-03-20,24,Friday,False
20230325,2023-03-25,2023,Q1,3,March,2023-03,12,2023-03-20,25,Saturday,True
20230326,2023-03-26,2023,Q1,3,March,2023-03,12,2023-03-20,26,Sunday,True
20230327,2023-03-27,2023,Q1,3,March,2023-03,13,2023-03-27,27,Monday,False
20230328,2023-03-28,2023,Q1,3,March,2023-03,13,2023-03-27,28,Tuesday,False
20230329,2023-03-29,2023,Q1,3,March,2023-03,13,2023-03-27,29,Wednesday,False
20230330,2023-03-30,2023,Q1,3,March,2023-03,13,2023-03-27,30,Thursday,False
20230331,2023-03-31,2023,Q1,3,March,2023-03,13,2023-03-27,31,Friday,False
20230401,2023-04-01,2023,Q2,4,April,2023-04,13,2023-03-27,1,Saturday,True
20230402,2023-04-02,2023,Q2,4,April,2023-04,13,2023-03-27,2,Sunday,True
20230403,2023-04-03,2023,Q2,4,April,2023-04,14,2023-04-03,3,Monday,False
20230404,2023-04-04,2023,Q2,4,April,2023-04,14,2023-04-03,4,Tuesday,False
20230405,2023-04-05,2023,Q2,4,April,2023-04,14,2023-04-03,5,Wednesday,False
20230406,2023-04-06,2023,Q2,4,April,2023-04,14,2023-04-03,6,Thursday,False
20230407,2023-04-07,2023,Q2,4,April,2023-04,14,2023-04-03,7,Friday,False
20230408,2023-04-08,2023,Q2,4,April,2023-04,14,2023-04-03,8,Saturday,True
20230409,2023-04-09,2023,Q2,4,April,2023-04,14,2023-04-03,9,Sunday,True
20230410,2023-04-10,2023,Q2,4,April,2023-04,15,2023-04-10,10,Monday,False
20230411,2023-04-11,2023,Q2,4,April,2023-04,15,2023-04-10,11,Tuesday,False
20230412,2023-04-12,2023,Q2,4,April,2023-04,15,2023-04-10,12,Wednesday,False
20230413,2023-04-13,2023,Q2,4,April,2023-04,15,2023-04-10,13,Thursday,False
20230414,2023-04-14,2023,Q2,4,April,2023-04,15,2023-04-10,14,Friday,False
20230415,2023-04-15,2023,Q2,4,April,2023-04,15,2023-04-10,15,Saturday,True
20230416,2023-04-16,2023,Q2,4,April,2023-04,15,2023-04-10,16,Sunday,True
20230417,2023-04-17,2023,Q2,4,April,2023-04,16,2023-04-17,17,Monday,False
20230418,2023-04-18,2023,Q2,4,April,2023-04,16,2023-04-17,18,Tuesday,False
20230419,2023-04-19,2023,Q2,4,April,2023-04,16,2023-04-17,19,Wednesday,False
20230420,2023-04-20,2023,Q2,4,April,2023-04,16,2023-04-17,20,Thursday,False
20230421,2023-04-21,2023,Q2,4,April,2023-04,16,2023-04-17,21,Friday,False
20230422,2023-04-22,2023,Q2,4,April,2023-04,16,2023-04-17,22,Saturday,True
20230423,2023-04-23,2023,Q2,4,April,2023-04,16,2023-04-17,23,Sunday,True
20230424,2023-04-24,2023,Q2,4,April,2023-04,17,2023-04-24,24,Monday,False
20230425,2023-04-25,2023,Q2,4,April,2023-04,17,2023-04-24,25,Tuesday,False
20230426,2023-04-26,2023,Q2,4,April,2023-04,17,2023-04-24,26,Wednesday,False
20230427,2023-04-27,2023,Q2,4,April,2023-04,17,2023-04-24,27,Thursday,False
20230428,2023-04-28,2023,Q2,4,April,2023-04,17,2023-04-24,28,Friday,False
20230429,2023-04-29,2023,Q2,4,April,2023-04,17,2023-04-24,29,Saturday,True
20230430,2023-04-30,2023,Q2,4,April,2023-04,17,2023-04-24,30,Sunday,True
20230501,2023-05-01,2023,Q2,5,May,2023-05,18,2023-05-01,1,Monday,False
20230502,2023-05-02,2023,Q2,5,May,2023-05,18,2023-05-01,2,Tuesday,False
20230503,2023-05-03,2023,Q2,5,May,2023-05,18,2023-05-01,3,Wednesday,False
20230504,2023-05-04,2023,Q2,5,May,2023-05,18,2023-05-01,4,Thursday,False
20230505,2023-05-05,2023,Q2,5,May,2023-05,18,2023-05-01,5,Friday,False
20230506,2023-05-06,2023,Q2,5,May,2023-05,18,2023-05-01,6,Saturday,True
20230507,2023-05-07,2023,Q2,5,May,2023-05,18,2023-05-01,7,Sunday,True
20230508,2023-05-08,2023,Q2,5,May,2023-05,19,2023-05-08,8,Monday,False
20230509,2023-05-09,2023,Q2,5,May,2023-05,19,2023-05-08,9,Tuesday,False
20230510,2023-05-10,2023,Q2,5,May,2023-05,19,2023-05-08,10,Wednesday,False
20230511,2023-05-11,2023,Q2,5,May,2023-05,19,2023-05-08,11,Thursday,False
20230512,2023-05-12,2023,Q2,5,May,2023-05,19,2023-05-08,12,Friday,False
20230513,2023-05-13,2023,Q2,5,May,2023-05,19,2023-05-08,13,Saturday,True
20230514,2023-05-14,2023,Q2,5,May,2023-05,19,2023-05-08,14,Sunday,True
20230515,2023-05-15,2023,Q2,5,May,2023-05,20,2023-05-15,15,Monday,False
20230516,2023-05-16,2023,Q2,5,May,2023-05,20,2023-05-15,16,Tuesday,False
20230517,2023-05-17,2023,Q2,5,May,2023-05,20,2023-05-15,17,Wednesday,False
20230518,2023-05-18,2023,Q2,5,May,2023-05,20,2023-05-15,18,Thursday,False
20230519,2023-05-19,2023,Q2,5,May,2023-05,20,2023-05-15,19,Friday,False
20230520,2023-05-20,2023,Q2,5,May,2023-05,20,2023-05-15,20,Saturday,True
20230521,2023-05-21,2023,Q2,5,May,2023-05,20,2023-05-15,21,Sunday,True
20230522,2023-05-22,2023,Q2,5,May,2023-05,21,2023-05-22,22,Monday,False
20230523,2023-05-23,2023,Q2,5,May,2023-05,21,2023-05-22,23,Tuesday,False
20230524,2023-05-24,2023,Q2,5,May,2023-05,21,2023-05-22,24,Wednesday,False
20230525,2023-05-25,2023,Q2,5,May,2023-05,21,2023-05-22,25,Thursday,False
20230526,2023-05-26,2023,Q2,5,May,2023-05,21,2023-05-22,26,Friday,False
20230527,2023-05-27,2023,Q2,5,May,2023-05,21,2023-05-22,27,Saturday,True
20230528,2023-05-28,2023,Q2,5,May,2023-05,21,2023-05-22,28,Sunday,True
20230529,2023-05-29,2023,Q2,5,May,2023-05,22,2023-05-29,29,Monday,False
20230530,2023-05-30,2023,Q2,5,May,2023-05,22,2023-05-29,30,Tuesday,False
20230531,2023-05-31,2023,Q2,5,May,2023-05,22,2023-05-29,31,Wednesday,False
20230601,2023-06-01,2023,Q2,6,June,2023-06,22,2023-05-29,1,Thursday,False
20230602,2023-06-02,2023,Q2,6,June,2023-06,22,2023-05-29,2,Friday,False
20230603,2023-06-03,2023,Q2,6,June,2023-06,22,2023-05-29,3,Saturday,True
20230604,2023-06-04,2023,Q2,6,June,2023-06,22,2023-05-29,4,Sunday,True
20230605,2023-06-05,2023,Q2,6,June,2023-06,23,2023-06-05,5,Monday,False
20230606,2023-06-06,2023,Q2,6,June,2023-06,23,2023-06-05,6,Tuesday,False
20230607,2023-06-07,2023,Q2,6,June,2023-06,23,2023-06-05,7,Wednesday,False
20230608,2023-06-08,2023,Q2,6,June,2023-06,23,2023-06-05,8,Thursday,False
20230609,2023-06-09,2023,Q2,6,June,2023-06,23,2023-06-05,9,Friday,False
20230610,2023-06-10,2023,Q2,6,June,2023-06,23,2023-06-05,10,Saturday,True
20230611,2023-06-11,2023,Q2,6,June,2023-06,23,2023-06-05,11,Sunday,True
20230612,2023-06-12,2023,Q2,6,June,2023-06,24,2023-06-12,12,Monday,False
20230613,2023-06-13,2023,Q2,6,June,2023-06,24,2023-06-12,13,Tuesday,False
20230614,2023-06-14,2023,Q2,6,June,2023-06,24,2023-06-12,14,Wednesday,False
20230615,2023-06-15,2023,Q2,6,June,2023-06,24,2023-06-12,15,Thursday,False
20230616,2023-06-16,2023,Q2,6,June,2023-06,24,2023-06-12,16,Friday,False
20230617,2023-06-17,2023,Q2,6,June,2023-06,24,2023-06-12,17,Saturday,True
20230618,2023-06-18,2023,Q2,6,June,2023-06,24,2023-06-12,18,Sunday,True
20230619,2023-06-19,2023,Q2,6,June,2023-06,25,2023-06-19,19,Monday,False
20230620,2023-06-20,2023,Q2,6,June,2023-06,25,2023-06-19,20,Tuesday,False
20230621,2023-06-21,2023,Q2,6,June,2023-06,25,2023-06-19,21,Wednesday,False
20230622,2023-06-22,2023,Q2,6,June,2023-06,25,2023-06-19,22,Thursday,False
20230623,2023-06-23,2023,Q2,6,June,2023-06,25,2023-06-19,23,Friday,False
20230624,2023-06-24,2023,Q2,6,June,2023-06,25,2023-06-19,24,Saturday,True
20230625,2023-06-25,2023,Q2,6,June,2023-06,25,2023-06-19,25,Sunday,True
20230626,2023-06-26,2023,Q2,6,June,2023-06,26,2023-06-26,26,Monday,False
20230627,2023-06-27,2023,Q2,6,June,2023-06,26,2023-06-26,27,Tuesday,False
20230628,2023-06-28,2023,Q2,6,June,2023-06,26,2023-06-26,28,Wednesday,False
20230629,2023-06-29,2023,Q2,6,June,2023-06,26,2023-06-26,29,Thursday,False
20230630,2023-06-30,2023,Q2,6,June,2023-06,26,2023-06-26,30,Friday,False
20230701,2023-07-01,2023,Q3,7,July,2023-07,26,2023-06-26,1,Saturday,True
20230702,2023-07-02,2023,Q3,7,July,2023-07,26,2023-06-26,2,Sunday,True
20230703,2023-07-03,2023,Q3,7,July,2023-07,27,2023-07-03,3,Monday,False
20230704,2023-07-04,2023,Q3,7,July,2023-07,27,2023-07-03,4,Tuesday,False
20230705,2023-07-05,2023,Q3,7,July,2023-07,27,2023-07-03,5,Wednesday,False
20230706,2023-07-06,2023,Q3,7,July,2023-07,27,2023-07-03,6,Thursday,False
20230707,2023-07-07,2023,Q3,7,July,2023-07,27,2023-07-03,7,Friday,False
20230708,2023-07-08,2023,Q3,7,July,2023-07,27,2023-07-03,8,Saturday,True
20230709,2023-07-09,2023,Q3,7,July,2023-07,27,2023-07-03,9,Sunday,True
20230710,2023-07-10,2023,Q3,7,July,2023-07,28,2023-07-10,10,Monday,False
20230711,2023-07-11,2023,Q3,7,July,2023-07,28,2023-07-10,11,Tuesday,False
20230712,2023-07-12,2023,Q3,7,July,2023-07,28,2023-07-10,12,Wednesday,False
20230713,2023-07-13,2023,Q3,7,July,2023-07,28,2023-07-10,13,Thursday,False
20230714,2023-07-14,2023,Q3,7,July,2023-07,28,2023-07-10,14,Friday,False
20230715,2023-07-15,2023,Q3,7,July,2023-07,28,2023-07-10,15,Saturday,True
20230716,2023-07-16,2023,Q3,7,July,2023-07,28,2023-07-10,16,Sunday,True
20230717,2023-07-17,2023,Q3,7,July,2023-07,29,2023-07-17,17,Monday,False
20230718,2023-07-18,2023,Q3,7,July,2023-07,29,2023-07-17,18,Tuesday,False
20230719,2023-07-19,2023,Q3,7,July,2023-07,29,2023-07-17,19,Wednesday,False
20230720,2023-07-20,2023,Q3,7,July,2023-07,29,2023-07-17,20,Thursday,False
20230721,2023-07-21,2023,Q3,7,July,2023-07,29,2023-07-17,21,Friday,False
20230722,2023-07-22,2023,Q3,7,July,2023-07,29,2023-07-17,22,Saturday,True
20230723,2023-07-23,2023,Q3,7,July,2023-07,29,2023-07-17,23,Sunday,True
20230724,2023-07-24,2023,Q3,7,July,2023-07,30,2023-07-24,24,Monday,False
20230725,2023-07-25,2023,Q3,7,July,2023-07,30,2023-07-24,25,Tuesday,False
20230726,2023-07-26,2023,Q3,7,July,2023-07,30,2023-07-24,26,Wednesday,False
20230727,2023-07-27,2023,Q3,7,July,2023-07,30,2023-07-24,27,Thursday,False
20230728,2023-07-28,2023,Q3,7,July,2023-07,30,2023-07-24,28,Friday,False
20230729,2023-07-29,2023,Q3,7,July,2023-07,30,2023-07-24,29,Saturday,True
20230730,2023-07-30,2023,Q3,7,July,2023-07,30,2023-07-24,30,Sunday,True
20230731,2023-07-31,2023,Q3,7,July,2023-07,31,2023-07-31,31,Monday,False
20230801,2023-08-01,2023,Q3,8,August,2023-08,31,2023-07-31,1,Tuesday,False
20230802,2023-08-02,2023,Q3,8,August,2023-08,31,2023-07-31,2,Wednesday,False
20230803,2023-08-03,2023,Q3,8,August,2023-08,31,2023-07-31,3,Thursday,False
20230804,2023-08-04,2023,Q3,8,August,2023-08,31,2023-07-31,4,Friday,False
20230805,2023-08-05,2023,Q3,8,August,2023-08,31,2023-07-31,5,Saturday,True
20230806,2023-08-06,2023,Q3,8,August,2023-08,31,2023-07-31,6,Sunday,True
20230807,2023-08-07,2023,Q3,8,August,2023-08,32,2023-08-07,7,Monday,False
20230808,2023-08-08,2023,Q3,8,August,2023-08,32,2023-08-07,8,Tuesday,False
20230809,2023-08-09,2023,Q3,8,August,2023-08,32,2023-08-07,9,Wednesday,False
20230810,2023-08-10,2023,Q3,8,August,2023-08,32,2023-08-07,10,Thursday,False
20230811,2023-08-11,2023,Q3,8,August,2023-08,32,2023-08-07,11,Friday,False
20230812,2023-08-12,2023,Q3,8,August,2023-08,32,2023-08-07,12,Saturday,True
20230813,2023-08-13,2023,Q3,8,August,2023-08,32,2023-08-07,13,Sunday,True
20230814,2023-08-14,2023,Q3,8,August,2023-08,33,2023-08-14,14,Monday,False
20230815,2023-08-15,2023,Q3,8,August,2023-08,33,2023-08-14,15,Tuesday,False
20230816,2023-08-16,2023,Q3,8,August,2023-08,33,2023-08-14,16,Wednesday,False
20230817,2023-08-17,2023,Q3,8,August,2023-08,33,2023-08-14,17,Thursday,False
20230818,2023-08-18,2023,Q3,8,August,2023-08,33,2023-08-14,18,Friday,False
20230819,2023-08-19,2023,Q3,8,August,2023-08,33,2023-08-14,19,Saturday,True
20230820,2023-08-20,2023,Q3,8,August,2023-08,33,2023-08-14,20,Sunday,True
20230821,2023-08-21,2023,Q3,8,August,2023-08,34,2023-08-21,21,Monday,False
20230822,2023-08-22,2023,Q3,8,August,2023-08,34,2023-08-21,22,Tuesday,False
20230823,2023-08-23,2023,Q3,8,August,2023-08,34,2023-08-21,23,Wednesday,False
20230824,2023-08-24,2023,Q3,8,August,2023-08,34,2023-08-21,24,Thursday,False
20230825,2023-08-25,2023,Q3,8,August,2023-08,34,2023-08-21,25,Friday,False
20230826,2023-08-26,2023,Q3,8,August,2023-08,34,2023-08-21,26,Saturday,True
20230827,2023-08-27,2023,Q3,8,August,2023-08,34,2023-08-21,27,Sunday,True
20230828,2023-08-28,2023,Q3,8,August,2023-08,35,2023-08-28,28,Monday,False
20230829,2023-08-29,2023,Q3,8,August,2023-08,35,2023-08-28,29,Tuesday,False
20230830,2023-08-30,2023,Q3,8,August,2023-08,35,2023-08-28,30,Wednesday,False
20230831,2023-08-31,2023,Q3,8,August,2023-08,35,2023-08-28,31,Thursday,False
20230901,2023-09-01,2023,Q3,9,September,2023-09,35,2023-08-28,1,Friday,False
20230902,2023-09-02,2023,Q3,9,September,2023-09,35,2023-08-28,2,Saturday,True
20230903,2023-09-03,2023,Q3,9,September,2023-09,35,2023-08-28,3,Sunday,True
20230904,2023-09-04,2023,Q3,9,September,2023-09,36,2023-09-04,4,Monday,False
20230905,2023-09-05,2023,Q3,9,September,2023-09,36,2023-09-04,5,Tuesday,False
20230906,2023-09-06,2023,Q3,9,September,2023-09,36,2023-09-04,6,Wednesday,False
20230907,2023-09-07,2023,Q3,9,September,2023-09,36,2023-09-04,7,Thursday,False
20230908,2023-09-08,2023,Q3,9,September,2023-09,36,2023-09-04,8,Friday,False
20230909,2023-09-09,2023,Q3,9,September,2023-09,36,2023-09-04,9,Saturday,True
20230910,2023-09-10,2023,Q3,9,September,2023-09,36,2023-09-04,10,Sunday,True
20230911,2023-09-11,2023,Q3,9,September,2023-09,37,2023-09-11,11,Monday,False
20230912,2023-09-12,2023,Q3,9,September,2023-09,37,2023-09-11,12,Tuesday,False
20230913,2023-09-13,2023,Q3,9,September,2023-09,37,2023-09-11,13,Wednesday,False
20230914,2023-09-14,2023,Q3,9,September,2023-09,37,2023-09-11,14,Thursday,False
20230915,2023-09-15,2023,Q3,9,September,2023-09,37,2023-09-11,15,Friday,False
20230916,2023-09-16,2023,Q3,9,September,2023-09,37,2023-09-11,16,Saturday,True
20230917,2023-09-17,2023,Q3,9,September,2023-09,37,2023-09-11,17,Sunday,True
20230918,2023-09-18,2023,Q3,9,September,2023-09,38,2023-09-18,18,Monday,False
20230919,2023-09-19,2023,Q3,9,September,2023-09,38,2023-09-18,19,Tuesday,False
20230920,2023-09-20,2023,Q3,9,September,2023-09,38,2023-09-18,20,Wednesday,False
20230921,2023-09-21,2023,Q3,9,September,2023-09,38,2023-09-18,21,Thursday,False
20230922,2023-09-22,2023,Q3,9,September,2023-09,38,2023-09-18,22,Friday,False
20230923,2023-09-23,2023,Q3,9,September,2023-09,38,2023-09-18,23,Saturday,True
20230924,2023-09-24,2023,Q3,9,September,2023-09,38,2023-09-18,24,Sunday,True
20230925,2023-09-25,2023,Q3,9,September,2023-09,39,2023-09-25,25,Monday,False
20230926,2023-09-26,2023,Q3,9,September,2023-09,39,2023-09-25,26,Tuesday,False
20230927,2023-09-27,2023,Q3,9,September,2023-09,39,2023-09-25,27,Wednesday,False
20230928,2023-09-28,2023,Q3,9,September,2023-09,39,2023-09-25,28,Thursday,False
20230929,2023-09-29,2023,Q3,9,September,2023-09,39,2023-09-25,29,Friday,False
20230930,2023-09-30,2023,Q3,9,September,2023-09,39,2023-09-25,30,Saturday,True
20231001,2023-10-01,2023,Q4,10,October,2023-10,39,2023-09-25,1,Sunday,True
20231002,2023-10-02,2023,Q4,10,October,2023-10,40,2023-10-02,2,Monday,False
20231003,2023-10-03,2023,Q4,10,October,2023-10,40,2023-10-02,3,Tuesday,False
20231004,2023-10-04,2023,Q4,10,October,2023-10,40,2023-10-02,4,Wednesday,False
20231005,2023-10-05,2023,Q4,10,October,2023-10,40,2023-10-02,5,Thursday,False
20231006,2023-10-06,2023,Q4,10,October,2023-10,40,2023-10-02,6,Friday,False
20231007,2023-10-07,2023,Q4,10,October,2023-10,40,2023-10-02,7,Saturday,True
20231008,2023-10-08,2023,Q4,10,October,2023-10,40,2023-10-02,8,Sunday,True
20231009,2023-10-09,2023,Q4,10,October,2023-10,41,2023-10-09,9,Monday,False
20231010,2023-10-10,2023,Q4,10,October,2023-10,41,2023-10-09,10,Tuesday,False
20231011,2023-10-11,2023,Q4,10,October,2023-10,41,2023-10-09,11,Wednesday,False
20231012,2023-10-12,2023,Q4,10,October,2023-10,41,2023-10-09,12,Thursday,False
20231013,2023-10-13,2023,Q4,10,October,2023-10,41,2023-10-09,13,Friday,False
20231014,2023-10-14,2023,Q4,10,October,2023-10,41,2023-10-09,14,Saturday,True
20231015,2023-10-15,2023,Q4,10,October,2023-10,41,2023-10-09,15,Sunday,True
20231016,2023-10-16,2023,Q4,10,October,2023-10,42,2023-10-16,16,Monday,False
20231017,2023-10-17,2023,Q4,10,October,2023-10,42,2023-10-16,17,Tuesday,False
20231018,2023-10-18,2023,Q4,10,October,2023-10,42,2023-10-16,18,Wednesday,False
20231019,2023-10-19,2023,Q4,10,October,2023-10,42,2023-10-16,19,Thursday,False
20231020,2023-10-20,2023,Q4,10,October,2023-10,42,2023-10-16,20,Friday,False
20231021,2023-10-21,2023,Q4,10,October,2023-10,42,2023-10-16,21,Saturday,True
20231022,2023-10-22,2023,Q4,10,October,2023-10,42,2023-10-16,22,Sunday,True
20231023,2023-10-23,2023,Q4,10,October,2023-10,43,2023-10-23,23,Monday,False
20231024,2023-10-24,2023,Q4,10,October,2023-10,43,2023-10-23,24,Tuesday,False
20231025,2023-10-25,2023,Q4,10,October,2023-10,43,2023-10-23,25,Wednesday,False
20231026,2023-10-26,2023,Q4,10,October,2023-10,43,2023-10-23,26,Thursday,False
20231027,2023-10-27,2023,Q4,10,October,2023-10,43,2023-10-23,27,Friday,False
20231028,2023-10-28,2023,Q4,10,October,2023-10,43,2023-10-23,28,Saturday,True
20231029,2023-10-29,2023,Q4,10,October,2023-10,43,2023-10-23,29,Sunday,True
20231030,2023-10-30,2023,Q4,10,October,2023-10,44,2023-10-30,30,Monday,False
20231031,2023-10-31,2023,Q4,10,October,2023-10,44,2023-10-30,31,Tuesday,False
20231101,2023-11-01,2023,Q4,11,November,2023-11,44,2023-10-30,1,Wednesday,False
20231102,2023-11-02,2023,Q4,11,November,2023-11,44,2023-10-30,2,Thursday,False
20231103,2023-11-03,2023,Q4,11,November,2023-11,44,2023-10-30,3,Friday,False
20231104,2023-11-04,2023,Q4,11,November,2023-11,44,2023-10-30,4,Saturday,True
20231105,2023-11-05,2023,Q4,11,November,2023-11,44,2023-10-30,5,Sunday,True
20231106,2023-11-06,2023,Q4,11,November,2023-11,45,2023-11-06,6,Monday,False
20231107,2023-11-07,2023,Q4,11,November,2023-11,45,2023-11-06,7,Tuesday,False
20231108,2023-11-08,2023,Q4,11,November,2023-11,45,2023-11-06,8,Wednesday,False
20231109,2023-11-09,2023,Q4,11,November,2023-11,45,2023-11-06,9,Thursday,False
20231110,2023-11-10,2023,Q4,11,November,2023-11,45,2023-11-06,10,Friday,False
20231111,2023-11-11,2023,Q4,11,November,2023-11,45,2023-11-06,11,Saturday,True
20231112,2023-11-12,2023,Q4,11,November,2023-11,45,2023-11-06,12,Sunday,True
20231113,2023-11-13,2023,Q4,11,November,2023-11,46,2023-11-13,13,Monday,False
20231114,2023-11-14,2023,Q4,11,November,2023-11,46,2023-11-13,14,Tuesday,False
20231115,2023-11-15,2023,Q4,11,November,2023-11,46,2023-11-13,15,Wednesday,False
20231116,2023-11-16,2023,Q4,11,November,2023-11,46,2023-11-13,16,Thursday,False
20231117,2023-11-17,2023,Q4,11,November,2023-11,46,2023-11-13,17,Friday,False
20231118,2023-11-18,2023,Q4,11,November,2023-11,46,2023-11-13,18,Saturday,True
20231119,2023-11-19,2023,Q4,11,November,2023-11,46,2023-11-13,19,Sunday,True
20231120,2023-11-20,2023,Q4,11,November,2023-11,47,2023-11-20,20,Monday,False
20231121,2023-11-21,2023,Q4,11,November,2023-11,47,2023-11-20,21,Tuesday,False
20231122,2023-11-22,2023,Q4,11,November,2023-11,47,2023-11-20,22,Wednesday,False
20231123,2023-11-23,2023,Q4,11,November,2023-11,47,2023-11-20,23,Thursday,False
20231124,2023-11-24,2023,Q4,11,November,2023-11,47,2023-11-20,24,Friday,False
20231125,2023-11-25,2023,Q4,11,November,2023-11,47,2023-11-20,25,Saturday,True
20231126,2023-11-26,2023,Q4,11,November,2023-11,47,2023-11-20,26,Sunday,True
20231127,2023-11-27,2023,Q4,11,November,2023-11,48,2023-11-27,27,Monday,False
20231128,2023-11-28,2023,Q4,11,November,2023-11,48,2023-11-27,28,Tuesday,False
20231129,2023-11-29,2023,Q4,11,November,2023-11,48,2023-11-27,29,Wednesday,False
20231130,2023-11-30,2023,Q4,11,November,2023-11,48,2023-11-27,30,Thursday,False
20231201,2023-12-01,2023,Q4,12,December,2023-12,48,2023-11-27,1,Friday,False
20231202,2023-12-02,2023,Q4,12,December,2023-12,48,2023-11-27,2,Saturday,True
20231203,2023-12-03,2023,Q4,12,December,2023-12,48,2023-11-27,3,Sunday,True
20231204,2023-12-04,2023,Q4,12,December,2023-12,49,2023-12-04,4,Monday,False
20231205,2023-12-05,2023,Q4,12,December,2023-12,49,2023-12-04,5,Tuesday,False
20231206,2023-12-06,2023,Q4,12,December,2023-12,49,2023-12-04,6,Wednesday,False
20231207,2023-12-07,2023,Q4,12,December,2023-12,49,2023-12-04,7,Thursday,False
20231208,2023-12-08,2023,Q4,12,December,2023-12,49,2023-12-04,8,Friday,False
20231209,2023-12-09,2023,Q4,12,December,2023-12,49,2023-12-04,9,Saturday,True
20231210,2023-12-10,2023,Q4,12,December,2023-12,49,2023-12-04,10,Sunday,True
20231211,2023-12-11,2023,Q4,12,December,2023-12,50,2023-12-11,11,Monday,False
20231212,2023-12-12,2023,Q4,12,December,2023-12,50,2023-12-11,12,Tuesday,False
20231213,2023-12-13,2023,Q4,12,December,2023-12,50,2023-12-11,13,Wednesday,False
20231214,2023-12-14,2023,Q4,12,December,2023-12,50,2023-12-11,14,Thursday,False
20231215,2023-12-15,2023,Q4,12,December,2023-12,50,2023-12-11,15,Friday,False
20231216,2023-12-16,2023,Q4,12,December,2023-12,50,2023-12-11,16,Saturday,True
20231217,2023-12-17,2023,Q4,12,December,2023-12,50,2023-12-11,17,Sunday,True
20231218,2023-12-18,2023,Q4,12,December,2023-12,51,2023-12-18,18,Monday,False
20231219,2023-12-19,2023,Q4,12,December,2023-12,51,2023-12-18,19,Tuesday,False
20231220,2023-12-20,2023,Q4,12,December,2023-12,51,2023-12-18,20,Wednesday,False
20231221,2023-12-21,2023,Q4,12,December,2023-12,51,2023-12-18,21,Thursday,False
20231222,2023-12-22,2023,Q4,12,December,2023-12,51,2023-12-18,22,Friday,False
20231223,2023-12-23,2023,Q4,12,December,2023-12,51,2023-12-18,23,Saturday,True
20231224,2023-12-24,2023,Q4,12,December,2023-12,51,2023-12-18,24,Sunday,True
20231225,2023-12-25,2023,Q4,12,December,2023-12,52,2023-12-25,25,Monday,False
20231226,2023-12-26,2023,Q4,12,December,2023-12,52,2023-12-25,26,Tuesday,False
20231227,2023-12-27,2023,Q4,12,December,2023-12,52,2023-12-25,27,Wednesday,False
20231228,2023-12-28,2023,Q4,12,December,2023-12,52,2023-12-25,28,Thursday,False
20231229,2023-12-29,2023,Q4,12,December,2023-12,52,2023-12-25,29,Friday,False
20231230,2023-12-30,2023,Q4,12,December,2023-12,52,2023-12-25,30,Saturday,True
20231231,2023-12-31,2023,Q4,12,December,2023-12,52,2023-12-25,31,Sunday,True
20240101,2024-01-01,2024,Q1,1,January,2024-01,1,2024-01-01,1,Monday,False
20240102,2024-01-02,2024,Q1,1,January,2024-01,1,2024-01-01,2,Tuesday,False
20240103,2024-01-03,2024,Q1,1,January,2024-01,1,2024-01-01,3,Wednesday,False
20240104,2024-01-04,2024,Q1,1,January,2024-01,1,2024-01-01,4,Thursday,False
20240105,2024-01-05,2024,Q1,1,January,2024-01,1,2024-01-01,5,Friday,False
20240106,2024-01-06,2024,Q1,1,January,2024-01,1,2024-01-01,6,Saturday,True
20240107,2024-01-07,2024,Q1,1,January,2024-01,1,2024-01-01,7,Sunday,True
20240108,2024-01-08,2024,Q1,1,January,2024-01,2,2024-01-08,8,Monday,False
20240109,2024-01-09,2024,Q1,1,January,2024-01,2,2024-01-08,9,Tuesday,False
20240110,2024-01-10,2024,Q1,1,January,2024-01,2,2024-01-08,10,Wednesday,False
20240111,2024-01-11,2024,Q1,1,January,2024-01,2,2024-01-08,11,Thursday,False
20240112,2024-01-12,2024,Q1,1,January,2024-01,2,2024-01-08,12,Friday,False
20240113,2024-01-13,2024,Q1,1,January,2024-01,2,2024-01-08,13,Saturday,True
20240114,2024-01-14,2024,Q1,1,January,2024-01,2,2024-01-08,14,Sunday,True
20240115,2024-01-15,2024,Q1,1,January,2024-01,3,2024-01-15,15,Monday,False
20240116,2024-01-16,2024,Q1,1,January,2024-01,3,2024-01-15,16,Tuesday,False
20240117,2024-01-17,2024,Q1,1,January,2024-01,3,2024-01-15,17,Wednesday,False
20240118,2024-01-18,2024,Q1,1,January,2024-01,3,2024-01-15,18,Thursday,False
20240119,2024-01-19,2024,Q1,1,January,2024-01,3,2024-01-15,19,Friday,False
20240120,2024-01-20,2024,Q1,1,January,2024-01,3,2024-01-15,20,Saturday,True
20240121,2024-01-21,2024,Q1,1,January,2024-01,3,2024-01-15,21,Sunday,True
20240122,2024-01-22,2024,Q1,1,January,2024-01,4,2024-01-22,22,Monday,False
20240123,2024-01-23,2024,Q1,1,January,2024-01,4,2024-01-22,23,Tuesday,False
20240124,2024-01-24,2024,Q1,1,January,2024-01,4,2024-01-22,24,Wednesday,False
20240125,2024-01-25,2024,Q1,1,January,2024-01,4,2024-01-22,25,Thursday,False
20240126,2024-01-26,2024,Q1,1,January,2024-01,4,2024-01-22,26,Friday,False
20240127,2024-01-27,2024,Q1,1,January,2024-01,4,2024-01-22,27,Saturday,True
20240128,2024-01-28,2024,Q1,1,January,2024-01,4,2024-01-22,28,Sunday,True
20240129,2024-01-29,2024,Q1,1,January,2024-01,5,2024-01-29,29,Monday,False
20240130,2024-01-30,2024,Q1,1,January,2024-01,5,2024-01-29,30,Tuesday,False
20240131,2024-01-31,2024,Q1,1,January,2024-01,5,2024-01-29,31,Wednesday,False
20240201,2024-02-01,2024,Q1,2,February,2024-02,5,2024-01-29,1,Thursday,False
20240202,2024-02-02,2024,Q1,2,February,2024-02,5,2024-01-29,2,Friday,False
20240203,2024-02-03,2024,Q1,2,February,2024-02,5,2024-01-29,3,Saturday,True
20240204,2024-02-04,2024,Q1,2,February,2024-02,5,2024-01-29,4,Sunday,True
20240205,2024-02-05,2024,Q1,2,February,2024-02,6,2024-02-05,5,Monday,False
20240206,2024-02-06,2024,Q1,2,February,2024-02,6,2024-02-05,6,Tuesday,False
20240207,2024-02-07,2024,Q1,2,February,2024-02,6,2024-02-05,7,Wednesday,False
20240208,2024-02-08,2024,Q1,2,February,2024-02,6,2024-02-05,8,Thursday,False
20240209,2024-02-09,2024,Q1,2,February,2024-02,6,2024-02-05,9,Friday,False
20240210,2024-02-10,2024,Q1,2,February,2024-02,6,2024-02-05,10,Saturday,True
20240211,2024-02-11,2024,Q1,2,February,2024-02,6,2024-02-05,11,Sunday,True
20240212,2024-02-12,2024,Q1,2,February,2024-02,7,2024-02-12,12,Monday,False
20240213,2024-02-13,2024,Q1,2,February,2024-02,7,2024-02-12,13,Tuesday,False
20240214,2024-02-14,2024,Q1,2,February,2024-02,7,2024-02-12,14,Wednesday,False
20240215,2024-02-15,2024,Q1,2,February,2024-02,7,2024-02-12,15,Thursday,False
20240216,2024-02-16,2024,Q1,2,February,2024-02,7,2024-02-12,16,Friday,False
20240217,2024-02-17,2024,Q1,2,February,2024-02,7,2024-02-12,17,Saturday,True
20240218,2024-02-18,2024,Q1,2,February,2024-02,7,2024-02-12,18,Sunday,True
20240219,2024-02-19,2024,Q1,2,February,2024-02,8,2024-02-19,19,Monday,False
20240220,2024-02-20,2024,Q1,2,February,2024-02,8,2024-02-19,20,Tuesday,False
20240221,2024-02-21,2024,Q1,2,February,2024-02,8,2024-02-19,21,Wednesday,False
20240222,2024-02-22,2024,Q1,2,February,2024-02,8,2024-02-19,22,Thursday,False
20240223,2024-02-23,2024,Q1,2,February,2024-02,8,2024-02-19,23,Friday,False
20240224,2024-02-24,2024,Q1,2,February,2024-02,8,2024-02-19,24,Saturday,True
20240225,2024-02-25,2024,Q1,2,February,2024-02,8,2024-02-19,25,Sunday,True
20240226,2024-02-26,2024,Q1,2,February,2024-02,9,2024-02-26,26,Monday,False
20240227,2024-02-27,2024,Q1,2,February,2024-02,9,2024-02-26,27,Tuesday,False
20240228,2024-02-28,2024,Q1,2,February,2024-02,9,2024-02-26,28,Wednesday,False
20240229,2024-02-29,2024,Q1,2,February,2024-02,9,2024-02-26,29,Thursday,False
20240301,2024-03-01,2024,Q1,3,March,2024-03,9,2024-02-26,1,Friday,False
20240302,2024-03-02,2024,Q1,3,March,2024-03,9,2024-02-26,2,Saturday,True
20240303,2024-03-03,2024,Q1,3,March,2024-03,9,2024-02-26,3,Sunday,True
20240304,2024-03-04,2024,Q1,3,March,2024-03,10,2024-03-04,4,Monday,False
20240305,2024-03-05,2024,Q1,3,March,2024-03,10,2024-03-04,5,Tuesday,False
20240306,2024-03-06,2024,Q1,3,March,2024-03,10,2024-03-04,6,Wednesday,False
20240307,2024-03-07,2024,Q1,3,March,2024-03,10,2024-03-04,7,Thursday,False
20240308,2024-03-08,2024,Q1,3,March,2024-03,10,2024-03-04,8,Friday,False
20240309,2024-03-09,2024,Q1,3,March,2024-03,10,2024-03-04,9,Saturday,True
20240310,2024-03-10,2024,Q1,3,March,2024-03,10,2024-03-04,10,Sunday,True
20240311,2024-03-11,2024,Q1,3,March,2024-03,11,2024-03-11,11,Monday,False
20240312,2024-03-12,2024,Q1,3,March,2024-03,11,2024-03-11,12,Tuesday,False
20240313,2024-03-13,2024,Q1,3,March,2024-03,11,2024-03-11,13,Wednesday,False
20240314,2024-03-14,2024,Q1,3,March,2024-03,11,2024-03-11,14,Thursday,False
20240315,2024-03-15,2024,Q1,3,March,2024-03,11,2024-03-11,15,Friday,False
20240316,2024-03-16,2024,Q1,3,March,2024-03,11,2024-03-11,16,Saturday,True
20240317,2024-03-17,2024,Q1,3,March,2024-03,11,2024-03-11,17,Sunday,True
20240318,2024-03-18,2024,Q1,3,March,2024-03,12,2024-03-18,18,Monday,False
20240319,2024-03-19,2024,Q1,3,March,2024-03,12,2024-03-18,19,Tuesday,False
20240320,2024-03-20,2024,Q1,3,March,2024-03,12,2024-03-18,20,Wednesday,False
20240321,2024-03-21,2024,Q1,3,March,2024-03,12,2024-03-18,21,Thursday,False
20240322,2024-03-22,2024,Q1,3,March,2024-03,12,2024-03-18,22,Friday,False
20240323,2024-03-23,2024,Q1,3,March,2024-03,12,2024-03-18,23,Saturday,True
20240324,2024-03-24,2024,Q1,3,March,2024-03,12,2024-03-18,24,Sunday,True
20240325,2024-03-25,2024,Q1,3,March,2024-03,13,2024-03-25,25,Monday,False
20240326,2024-03-26,2024,Q1,3,March,2024-03,13,2024-03-25,26,Tuesday,False
20240327,2024-03-27,2024,Q1,3,March,2024-03,13,2024-03-25,27,Wednesday,False
20240328,2024-03-28,2024,Q1,3,March,2024-03,13,2024-03-25,28,Thursday,False
20240329,2024-03-29,2024,Q1,3,March,2024-03,13,2024-03-25,29,Friday,False
20240330,2024-03-30,2024,Q1,3,March,2024-03,13,2024-03-25,30,Saturday,True
20240331,2024-03-31,2024,Q1,3,March,2024-03,13,2024-03-25,31,Sunday,True
20240401,2024-04-01,2024,Q2,4,April,2024-04,14,2024-04-01,1,Monday,False
20240402,2024-04-02,2024,Q2,4,April,2024-04,14,2024-04-01,2,Tuesday,False
20240403,2024-04-03,2024,Q2,4,April,2024-04,14,2024-04-01,3,Wednesday,False
20240404,2024-04-04,2024,Q2,4,April,2024-04,14,2024-04-01,4,Thursday,False
20240405,2024-04-05,2024,Q2,4,April,2024-04,14,2024-04-01,5,Friday,False
20240406,2024-04-06,2024,Q2,4,April,2024-04,14,2024-04-01,6,Saturday,True
20240407,2024-04-07,2024,Q2,4,April,2024-04,14,2024-04-01,7,Sunday,True
20240408,2024-04-08,2024,Q2,4,April,2024-04,15,2024-04-08,8,Monday,False
20240409,2024-04-09,2024,Q2,4,April,2024-04,15,2024-04-08,9,Tuesday,False
20240410,2024-04-10,2024,Q2,4,April,2024-04,15,2024-04-08,10,Wednesday,False
20240411,2024-04-11,2024,Q2,4,April,2024-04,15,2024-04-08,11,Thursday,False
20240412,2024-04-12,2024,Q2,4,April,2024-04,15,2024-04-08,12,Friday,False
20240413,2024-04-13,2024,Q2,4,April,2024-04,15,2024-04-08,13,Saturday,True
20240414,2024-04-14,2024,Q2,4,April,2024-04,15,2024-04-08,14,Sunday,True
20240415,2024-04-15,2024,Q2,4,April,2024-04,16,2024-04-15,15,Monday,False
20240416,2024-04-16,2024,Q2,4,April,2024-04,16,2024-04-15,16,Tuesday,False
20240417,2024-04-17,2024,Q2,4,April,2024-04,16,2024-04-15,17,Wednesday,False
20240418,2024-04-18,2024,Q2,4,April,2024-04,16,2024-04-15,18,Thursday,False
20240419,2024-04-19,2024,Q2,4,April,2024-04,16,2024-04-15,19,Friday,False
20240420,2024-04-20,2024,Q2,4,April,2024-04,16,2024-04-15,20,Saturday,True
20240421,2024-04-21,2024,Q2,4,April,2024-04,16,2024-04-15,21,Sunday,True
20240422,2024-04-22,2024,Q2,4,April,2024-04,17,2024-04-22,22,Monday,False
20240423,2024-04-23,2024,Q2,4,April,2024-04,17,2024-04-22,23,Tuesday,False
20240424,2024-04-24,2024,Q2,4,April,2024-04,17,2024-04-22,24,Wednesday,False
20240425,2024-04-25,2024,Q2,4,April,2024-04,17,2024-04-22,25,Thursday,False
20240426,2024-04-26,2024,Q2,4,April,2024-04,17,2024-04-22,26,Friday,False
20240427,2024-04-27,2024,Q2,4,April,2024-04,17,2024-04-22,27,Saturday,True
20240428,2024-04-28,2024,Q2,4,April,2024-04,17,2024-04-22,28,Sunday,True
20240429,2024-04-29,2024,Q2,4,April,2024-04,18,2024-04-29,29,Monday,False
20240430,2024-04-30,2024,Q2,4,April,2024-04,18,2024-04-29,30,Tuesday,False
20240501,2024-05-01,2024,Q2,5,May,2024-05,18,2024-04-29,1,Wednesday,False
20240502,2024-05-02,2024,Q2,5,May,2024-05,18,2024-04-29,2,Thursday,False
20240503,2024-05-03,2024,Q2,5,May,2024-05,18,2024-04-29,3,Friday,False
20240504,2024-05-04,2024,Q2,5,May,2024-05,18,2024-04-29,4,Saturday,True
20240505,2024-05-05,2024,Q2,5,May,2024-05,18,2024-04-29,5,Sunday,True
20240506,2024-05-06,2024,Q2,5,May,2024-05,19,2024-05-06,6,Monday,False
20240507,2024-05-07,2024,Q2,5,May,2024-05,19,2024-05-06,7,Tuesday,False
20240508,2024-05-08,2024,Q2,5,May,2024-05,19,2024-05-06,8,Wednesday,False
20240509,2024-05-09,2024,Q2,5,May,2024-05,19,2024-05-06,9,Thursday,False
20240510,2024-05-10,2024,Q2,5,May,2024-05,19,2024-05-06,10,Friday,False
20240511,2024-05-11,2024,Q2,5,May,2024-05,19,2024-05-06,11,Saturday,True
20240512,2024-05-12,2024,Q2,5,May,2024-05,19,2024-05-06,12,Sunday,True
20240513,2024-05-13,2024,Q2,5,May,2024-05,20,2024-05-13,13,Monday,False
20240514,2024-05-14,2024,Q2,5,May,2024-05,20,2024-05-13,14,Tuesday,False
20240515,2024-05-15,2024,Q2,5,May,2024-05,20,2024-05-13,15,Wednesday,False
20240516,2024-05-16,2024,Q2,5,May,2024-05,20,2024-05-13,16,Thursday,False
20240517,2024-05-17,2024,Q2,5,May,2024-05,20,2024-05-13,17,Friday,False
20240518,2024-05-18,2024,Q2,5,May,2024-05,20,2024-05-13,18,Saturday,True
20240519,2024-05-19,2024,Q2,5,May,2024-05,20,2024-05-13,19,Sunday,True
20240520,2024-05-20,2024,Q2,5,May,2024-05,21,2024-05-20,20,Monday,False
20240521,2024-05-21,2024,Q2,5,May,2024-05,21,2024-05-20,21,Tuesday,False
20240522,2024-05-22,2024,Q2,5,May,2024-05,21,2024-05-20,22,Wednesday,False
20240523,2024-05-23,2024,Q2,5,May,2024-05,21,2024-05-20,23,Thursday,False
20240524,2024-05-24,2024,Q2,5,May,2024-05,21,2024-05-20,24,Friday,False
20240525,2024-05-25,2024,Q2,5,May,2024-05,21,2024-05-20,25,Saturday,True
20240526,2024-05-26,2024,Q2,5,May,2024-05,21,2024-05-20,26,Sunday,True
20240527,2024-05-27,2024,Q2,5,May,2024-05,22,2024-05-27,27,Monday,False
20240528,2024-05-28,2024,Q2,5,May,2024-05,22,2024-05-27,28,Tuesday,False
20240529,2024-05-29,2024,Q2,5,May,2024-05,22,2024-05-27,29,Wednesday,False
20240530,2024-05-30,2024,Q2,5,May,2024-05,22,2024-05-27,30,Thursday,False
20240531,2024-05-31,2024,Q2,5,May,2024-05,22,2024-05-27,31,Friday,False
20240601,2024-06-01,2024,Q2,6,June,2024-06,22,2024-05-27,1,Saturday,True
20240602,2024-06-02,2024,Q2,6,June,2024-06,22,2024-05-27,2,Sunday,True
20240603,2024-06-03,2024,Q2,6,June,2024-06,23,2024-06-03,3,Monday,False
20240604,2024-06-04,2024,Q2,6,June,2024-06,23,2024-06-03,4,Tuesday,False
20240605,2024-06-05,2024,Q2,6,June,2024-06,23,2024-06-03,5,Wednesday,False
20240606,2024-06-06,2024,Q2,6,June,2024-06,23,2024-06-03,6,Thursday,False
20240607,2024-06-07,2024,Q2,6,June,2024-06,23,2024-06-03,7,Friday,False
20240608,2024-06-08,2024,Q2,6,June,2024-06,23,2024-06-03,8,Saturday,True
20240609,2024-06-09,2024,Q2,6,June,2024-06,23,2024-06-03,9,Sunday,True
20240610,2024-06-10,2024,Q2,6,June,2024-06,24,2024-06-10,10,Monday,False
20240611,2024-06-11,2024,Q2,6,June,2024-06,24,2024-06-10,11,Tuesday,False
20240612,2024-06-12,2024,Q2,6,June,2024-06,24,2024-06-10,12,Wednesday,False
20240613,2024-06-13,2024,Q2,6,June,2024-06,24,2024-06-10,13,Thursday,False
20240614,2024-06-14,2024,Q2,6,June,2024-06,24,2024-06-10,14,Friday,False
20240615,2024-06-15,2024,Q2,6,June,2024-06,24,2024-06-10,15,Saturday,True
20240616,2024-06-16,2024,Q2,6,June,2024-06,24,2024-06-10,16,Sunday,True
20240617,2024-06-17,2024,Q2,6,June,2024-06,25,2024-06-17,17,Monday,False
20240618,2024-06-18,2024,Q2,6,June,2024-06,25,2024-06-17,18,Tuesday,False
20240619,2024-06-19,2024,Q2,6,June,2024-06,25,2024-06-17,19,Wednesday,False
20240620,2024-06-20,2024,Q2,6,June,2024-06,25,2024-06-17,20,Thursday,False
20240621,2024-06-21,2024,Q2,6,June,2024-06,25,2024-06-17,21,Friday,False
20240622,2024-06-22,2024,Q2,6,June,2024-06,25,2024-06-17,22,Saturday,True
20240623,2024-06-23,2024,Q2,6,June,2024-06,25,2024-06-17,23,Sunday,True
20240624,2024-06-24,2024,Q2,6,June,2024-06,26,2024-06-24,24,Monday,False
20240625,2024-06-25,2024,Q2,6,June,2024-06,26,2024-06-24,25,Tuesday,False
20240626,2024-06-26,2024,Q2,6,June,2024-06,26,2024-06-24,26,Wednesday,False
20240627,2024-06-27,2024,Q2,6,June,2024-06,26,2024-06-24,27,Thursday,False
20240628,2024-06-28,2024,Q2,6,June,2024-06,26,2024-06-24,28,Friday,False
20240629,2024-06-29,2024,Q2,6,June,2024-06,26,2024-06-24,29,Saturday,True
20240630,2024-06-30,2024,Q2,6,June,2024-06,26,2024-06-24,30,Sunday,True
20240701,2024-07-01,2024,Q3,7,July,2024-07,27,2024-07-01,1,Monday,False
20240702,2024-07-02,2024,Q3,7,July,2024-07,27,2024-07-01,2,Tuesday,False
20240703,2024-07-03,2024,Q3,7,July,2024-07,27,2024-07-01,3,Wednesday,False
20240704,2024-07-04,2024,Q3,7,July,2024-07,27,2024-07-01,4,Thursday,False
20240705,2024-07-05,2024,Q3,7,July,2024-07,27,2024-07-01,5,Friday,False
20240706,2024-07-06,2024,Q3,7,July,2024-07,27,2024-07-01,6,Saturday,True
20240707,2024-07-07,2024,Q3,7,July,2024-07,27,2024-07-01,7,Sunday,True
20240708,2024-07-08,2024,Q3,7,July,2024-07,28,2024-07-08,8,Monday,False
20240709,2024-07-09,2024,Q3,7,July,2024-07,28,2024-07-08,9,Tuesday,False
20240710,2024-07-10,2024,Q3,7,July,2024-07,28,2024-07-08,10,Wednesday,False
20240711,2024-07-11,2024,Q3,7,July,2024-07,28,2024-07-08,11,Thursday,False
20240712,2024-07-12,2024,Q3,7,July,2024-07,28,2024-07-08,12,Friday,False
20240713,2024-07-13,2024,Q3,7,July,2024-07,28,2024-07-08,13,Saturday,True
20240714,2024-07-14,2024,Q3,7,July,2024-07,28,2024-07-08,14,Sunday,True
20240715,2024-07-15,2024,Q3,7,July,2024-07,29,2024-07-15,15,Monday,False
20240716,2024-07-16,2024,Q3,7,July,2024-07,29,2024-07-15,16,Tuesday,False
20240717,2024-07-17,2024,Q3,7,July,2024-07,29,2024-07-15,17,Wednesday,False
20240718,2024-07-18,2024,Q3,7,July,2024-07,29,2024-07-15,18,Thursday,False
20240719,2024-07-19,2024,Q3,7,July,2024-07,29,2024-07-15,19,Friday,False
20240720,2024-07-20,2024,Q3,7,July,2024-07,29,2024-07-15,20,Saturday,True
20240721,2024-07-21,2024,Q3,7,July,2024-07,29,2024-07-15,21,Sunday,True
20240722,2024-07-22,2024,Q3,7,July,2024-07,30,2024-07-22,22,Monday,False
20240723,2024-07-23,2024,Q3,7,July,2024-07,30,2024-07-22,23,Tuesday,False
20240724,2024-07-24,2024,Q3,7,July,2024-07,30,2024-07-22,24,Wednesday,False
20240725,2024-07-25,2024,Q3,7,July,2024-07,30,2024-07-22,25,Thursday,False
20240726,2024-07-26,2024,Q3,7,July,2024-07,30,2024-07-22,26,Friday,False
20240727,2024-07-27,2024,Q3,7,July,2024-07,30,2024-07-22,27,Saturday,True
20240728,2024-07-28,2024,Q3,7,July,2024-07,30,2024-07-22,28,Sunday,True
20240729,2024-07-29,2024,Q3,7,July,2024-07,31,2024-07-29,29,Monday,False
20240730,2024-07-30,2024,Q3,7,July,2024-07,31,2024-07-29,30,Tuesday,False
20240731,2024-07-31,2024,Q3,7,July,2024-07,31,2024-07-29,31,Wednesday,False
20240801,2024-08-01,2024,Q3,8,August,2024-08,31,2024-07-29,1,Thursday,False
20240802,2024-08-02,2024,Q3,8,August,2024-08,31,2024-07-29,2,Friday,False
20240803,2024-08-03,2024,Q3,8,August,2024-08,31,2024-07-29,3,Saturday,True
20240804,2024-08-04,2024,Q3,8,August,2024-08,31,2024-07-29,4,Sunday,True
20240805,2024-08-05,2024,Q3,8,August,2024-08,32,2024-08-05,5,Monday,False
20240806,2024-08-06,2024,Q3,8,August,2024-08,32,2024-08-05,6,Tuesday,False
20240807,2024-08-07,2024,Q3,8,August,2024-08,32,2024-08-05,7,Wednesday,False
20240808,2024-08-08,2024,Q3,8,August,2024-08,32,2024-08-05,8,Thursday,False
20240809,2024-08-09,2024,Q3,8,August,2024-08,32,2024-08-05,9,Friday,False
20240810,2024-08-10,2024,Q3,8,August,2024-08,32,2024-08-05,10,Saturday,True
20240811,2024-08-11,2024,Q3,8,August,2024-08,32,2024-08-05,11,Sunday,True
20240812,2024-08-12,2024,Q3,8,August,2024-08,33,2024-08-12,12,Monday,False
20240813,2024-08-13,2024,Q3,8,August,2024-08,33,2024-08-12,13,Tuesday,False
20240814,2024-08-14,2024,Q3,8,August,2024-08,33,2024-08-12,14,Wednesday,False
20240815,2024-08-15,2024,Q3,8,August,2024-08,33,2024-08-12,15,Thursday,False
20240816,2024-08-16,2024,Q3,8,August,2024-08,33,2024-08-12,16,Friday,False
20240817,2024-08-17,2024,Q3,8,August,2024-08,33,2024-08-12,17,Saturday,True
20240818,2024-08-18,2024,Q3,8,August,2024-08,33,2024-08-12,18,Sunday,True
20240819,2024-08-19,2024,Q3,8,August,2024-08,34,2024-08-19,19,Monday,False
20240820,2024-08-20,2024,Q3,8,August,2024-08,34,2024-08-19,20,Tuesday,False
20240821,2024-08-21,2024,Q3,8,August,2024-08,34,2024-08-19,21,Wednesday,False
20240822,2024-08-22,2024,Q3,8,August,2024-08,34,2024-08-19,22,Thursday,False
20240823,2024-08-23,2024,Q3,8,August,2024-08,34,2024-08-19,23,Friday,False
20240824,2024-08-24,2024,Q3,8,August,2024-08,34,2024-08-19,24,Saturday,True
20240825,2024-08-25,2024,Q3,8,August,2024-08,34,2024-08-19,25,Sunday,True
20240826,2024-08-26,2024,Q3,8,August,2024-08,35,2024-08-26,26,Monday,False
20240827,2024-08-27,2024,Q3,8,August,2024-08,35,2024-08-26,27,Tuesday,False
20240828,2024-08-28,2024,Q3,8,August,2024-08,35,2024-08-26,28,Wednesday,False
20240829,2024-08-29,2024,Q3,8,August,2024-08,35,2024-08-26,29,Thursday,False
20240830,2024-08-30,2024,Q3,8,August,2024-08,35,2024-08-26,30,Friday,False
20240831,2024-08-31,2024,Q3,8,August,2024-08,35,2024-08-26,31,Saturday,True
20240901,2024-09-01,2024,Q3,9,September,2024-09,35,2024-08-26,1,Sunday,True
20240902,2024-09-02,2024,Q3,9,September,2024-09,36,2024-09-02,2,Monday,False
20240903,2024-09-03,2024,Q3,9,September,2024-09,36,2024-09-02,3,Tuesday,False
20240904,2024-09-04,2024,Q3,9,September,2024-09,36,2024-09-02,4,Wednesday,False
20240905,2024-09-05,2024,Q3,9,September,2024-09,36,2024-09-02,5,Thursday,False
20240906,2024-09-06,2024,Q3,9,September,2024-09,36,2024-09-02,6,Friday,False
20240907,2024-09-07,2024,Q3,9,September,2024-09,36,2024-09-02,7,Saturday,True
20240908,2024-09-08,2024,Q3,9,September,2024-09,36,2024-09-02,8,Sunday,True
20240909,2024-09-09,2024,Q3,9,September,2024-09,37,2024-09-09,9,Monday,False
20240910,2024-09-10,2024,Q3,9,September,2024-09,37,2024-09-09,10,Tuesday,False
20240911,2024-09-11,2024,Q3,9,September,2024-09,37,2024-09-09,11,Wednesday,False
20240912,2024-09-12,2024,Q3,9,September,2024-09,37,2024-09-09,12,Thursday,False
20240913,2024-09-13,2024,Q3,9,September,2024-09,37,2024-09-09,13,Friday,False
20240914,2024-09-14,2024,Q3,9,September,2024-09,37,2024-09-09,14,Saturday,True
20240915,2024-09-15,2024,Q3,9,September,2024-09,37,2024-09-09,15,Sunday,True
20240916,2024-09-16,2024,Q3,9,September,2024-09,38,2024-09-16,16,Monday,False
20240917,2024-09-17,2024,Q3,9,September,2024-09,38,2024-09-16,17,Tuesday,False
20240918,2024-09-18,2024,Q3,9,September,2024-09,38,2024-09-16,18,Wednesday,False
20240919,2024-09-19,2024,Q3,9,September,2024-09,38,2024-09-16,19,Thursday,False
20240920,2024-09-20,2024,Q3,9,September,2024-09,38,2024-09-16,20,Friday,False
20240921,2024-09-21,2024,Q3,9,September,2024-09,38,2024-09-16,21,Saturday,True
20240922,2024-09-22,2024,Q3,9,September,2024-09,38,2024-09-16,22,Sunday,True
20240923,2024-09-23,2024,Q3,9,September,2024-09,39,2024-09-23,23,Monday,False
20240924,2024-09-24,2024,Q3,9,September,2024-09,39,2024-09-23,24,Tuesday,False
20240925,2024-09-25,2024,Q3,9,September,2024-09,39,2024-09-23,25,Wednesday,False
20240926,2024-09-26,2024,Q3,9,September,2024-09,39,2024-09-23,26,Thursday,False
20240927,2024-09-27,2024,Q3,9,September,2024-09,39,2024-09-23,27,Friday,False
20240928,2024-09-28,2024,Q3,9,September,2024-09,39,2024-09-23,28,Saturday,True
20240929,2024-09-29,2024,Q3,9,September,2024-09,39,2024-09-23,29,Sunday,True
20240930,2024-09-30,2024,Q3,9,September,2024-09,40,2024-09-30,30,Monday,False
20241001,2024-10-01,2024,Q4,10,October,2024-10,40,2024-09-30,1,Tuesday,False
20241002,2024-10-02,2024,Q4,10,October,2024-10,40,2024-09-30,2,Wednesday,False
20241003,2024-10-03,2024,Q4,10,October,2024-10,40,2024-09-30,3,Thursday,False
20241004,2024-10-04,2024,Q4,10,October,2024-10,40,2024-09-30,4,Friday,False
20241005,2024-10-05,2024,Q4,10,October,2024-10,40,2024-09-30,5,Saturday,True
20241006,2024-10-06,2024,Q4,10,October,2024-10,40,2024-09-30,6,Sunday,True
20241007,2024-10-07,2024,Q4,10,October,2024-10,41,2024-10-07,7,Monday,False
20241008,2024-10-08,2024,Q4,10,October,2024-10,41,2024-10-07,8,Tuesday,False
20241009,2024-10-09,2024,Q4,10,October,2024-10,41,2024-10-07,9,Wednesday,False
20241010,2024-10-10,2024,Q4,10,October,2024-10,41,2024-10-07,10,Thursday,False
20241011,2024-10-11,2024,Q4,10,October,2024-10,41,2024-10-07,11,Friday,False
20241012,2024-10-12,2024,Q4,10,October,2024-10,41,2024-10-07,12,Saturday,True
20241013,2024-10-13,2024,Q4,10,October,2024-10,41,2024-10-07,13,Sunday,True
20241014,2024-10-14,2024,Q4,10,October,2024-10,42,2024-10-14,14,Monday,False
20241015,2024-10-15,2024,Q4,10,October,2024-10,42,2024-10-14,15,Tuesday,False
20241016,2024-10-16,2024,Q4,10,October,2024-10,42,2024-10-14,16,Wednesday,False
20241017,2024-10-17,2024,Q4,10,October,2024-10,42,2024-10-14,17,Thursday,False
20241018,2024-10-18,2024,Q4,10,October,2024-10,42,2024-10-14,18,Friday,False
20241019,2024-10-19,2024,Q4,10,October,2024-10,42,2024-10-14,19,Saturday,True
20241020,2024-10-20,2024,Q4,10,October,2024-10,42,2024-10-14,20,Sunday,True
20241021,2024-10-21,2024,Q4,10,October,2024-10,43,2024-10-21,21,Monday,False
20241022,2024-10-22,2024,Q4,10,October,2024-10,43,2024-10-21,22,Tuesday,False
20241023,2024-10-23,2024,Q4,10,October,2024-10,43,2024-10-21,23,Wednesday,False
20241024,2024-10-24,2024,Q4,10,October,2024-10,43,2024-10-21,24,Thursday,False
20241025,2024-10-25,2024,Q4,10,October,2024-10,43,2024-10-21,25,Friday,False
20241026,2024-10-26,2024,Q4,10,October,2024-10,43,2024-10-21,26,Saturday,True
20241027,2024-10-27,2024,Q4,10,October,2024-10,43,2024-10-21,27,Sunday,True
20241028,2024-10-28,2024,Q4,10,October,2024-10,44,2024-10-28,28,Monday,False
20241029,2024-10-29,2024,Q4,10,October,2024-10,44,2024-10-28,29,Tuesday,False
20241030,2024-10-30,2024,Q4,10,October,2024-10,44,2024-10-28,30,Wednesday,False
20241031,2024-10-31,2024,Q4,10,October,2024-10,44,2024-10-28,31,Thursday,False
20241101,2024-11-01,2024,Q4,11,November,2024-11,44,2024-10-28,1,Friday,False
20241102,2024-11-02,2024,Q4,11,November,2024-11,44,2024-10-28,2,Saturday,True
20241103,2024-11-03,2024,Q4,11,November,2024-11,44,2024-10-28,3,Sunday,True
20241104,2024-11-04,2024,Q4,11,November,2024-11,45,2024-11-04,4,Monday,False
20241105,2024-11-05,2024,Q4,11,November,2024-11,45,2024-11-04,5,Tuesday,False
20241106,2024-11-06,2024,Q4,11,November,2024-11,45,2024-11-04,6,Wednesday,False
20241107,2024-11-07,2024,Q4,11,November,2024-11,45,2024-11-04,7,Thursday,False
20241108,2024-11-08,2024,Q4,11,November,2024-11,45,2024-11-04,8,Friday,False
20241109,2024-11-09,2024,Q4,11,November,2024-11,45,2024-11-04,9,Saturday,True
20241110,2024-11-10,2024,Q4,11,November,2024-11,45,2024-11-04,10,Sunday,True
20241111,2024-11-11,2024,Q4,11,November,2024-11,46,2024-11-11,11,Monday,False
20241112,2024-11-12,2024,Q4,11,November,2024-11,46,2024-11-11,12,Tuesday,False
20241113,2024-11-13,2024,Q4,11,November,2024-11,46,2024-11-11,13,Wednesday,False
20241114,2024-11-14,2024,Q4,11,November,2024-11,46,2024-11-11,14,Thursday,False
20241115,2024-11-15,2024,Q4,11,November,2024-11,46,2024-11-11,15,Friday,False
20241116,2024-11-16,2024,Q4,11,November,2024-11,46,2024-11-11,16,Saturday,True
20241117,2024-11-17,2024,Q4,11,November,2024-11,46,2024-11-11,17,Sunday,True
20241118,2024-11-18,2024,Q4,11,November,2024-11,47,2024-11-18,18,Monday,False
20241119,2024-11-19,2024,Q4,11,November,2024-11,47,2024-11-18,19,Tuesday,False
20241120,2024-11-20,2024,Q4,11,November,2024-11,47,2024-11-18,20,Wednesday,False
20241121,2024-11-21,2024,Q4,11,November,2024-11,47,2024-11-18,21,Thursday,False
20241122,2024-11-22,2024,Q4,11,November,2024-11,47,2024-11-18,22,Friday,False
20241123,2024-11-23,2024,Q4,11,November,2024-11,47,2024-11-18,23,Saturday,True
20241124,2024-11-24,2024,Q4,11,November,2024-11,47,2024-11-18,24,Sunday,True
20241125,2024-11-25,2024,Q4,11,November,2024-11,48,2024-11-25,25,Monday,False
20241126,2024-11-26,2024,Q4,11,November,2024-11,48,2024-11-25,26,Tuesday,False
20241127,2024-11-27,2024,Q4,11,November,2024-11,48,2024-11-25,27,Wednesday,False
20241128,2024-11-28,2024,Q4,11,November,2024-11,48,2024-11-25,28,Thursday,False
20241129,2024-11-29,2024,Q4,11,November,2024-11,48,2024-11-25,29,Friday,False
20241130,2024-11-30,2024,Q4,11,November,2024-11,48,2024-11-25,30,Saturday,True
20241201,2024-12-01,2024,Q4,12,December,2024-12,48,2024-11-25,1,Sunday,True
20241202,2024-12-02,2024,Q4,12,December,2024-12,49,2024-12-02,2,Monday,False
20241203,2024-12-03,2024,Q4,12,December,2024-12,49,2024-12-02,3,Tuesday,False
20241204,2024-12-04,2024,Q4,12,December,2024-12,49,2024-12-02,4,Wednesday,False
20241205,2024-12-05,2024,Q4,12,December,2024-12,49,2024-12-02,5,Thursday,False
20241206,2024-12-06,2024,Q4,12,December,2024-12,49,2024-12-02,6,Friday,False
20241207,2024-12-07,2024,Q4,12,December,2024-12,49,2024-12-02,7,Saturday,True
20241208,2024-12-08,2024,Q4,12,December,2024-12,49,2024-12-02,8,Sunday,True
20241209,2024-12-09,2024,Q4,12,December,2024-12,50,2024-12-09,9,Monday,False
20241210,2024-12-10,2024,Q4,12,December,2024-12,50,2024-12-09,10,Tuesday,False
20241211,2024-12-11,2024,Q4,12,December,2024-12,50,2024-12-09,11,Wednesday,False
20241212,2024-12-12,2024,Q4,12,December,2024-12,50,2024-12-09,12,Thursday,False
20241213,2024-12-13,2024,Q4,12,December,2024-12,50,2024-12-09,13,Friday,False
20241214,2024-12-14,2024,Q4,12,December,2024-12,50,2024-12-09,14,Saturday,True
20241215,2024-12-15,2024,Q4,12,December,2024-12,50,2024-12-09,15,Sunday,True
20241216,2024-12-16,2024,Q4,12,December,2024-12,51,2024-12-16,16,Monday,False
20241217,2024-12-17,2024,Q4,12,December,2024-12,51,2024-12-16,17,Tuesday,False
20241218,2024-12-18,2024,Q4,12,December,2024-12,51,2024-12-16,18,Wednesday,False
20241219,2024-12-19,2024,Q4,12,December,2024-12,51,2024-12-16,19,Thursday,False
20241220,2024-12-20,2024,Q4,12,December,2024-12,51,2024-12-16,20,Friday,False
20241221,2024-12-21,2024,Q4,12,December,2024-12,51,2024-12-16,21,Saturday,True
20241222,2024-12-22,2024,Q4,12,December,2024-12,51,2024-12-16,22,Sunday,True
20241223,2024-12-23,2024,Q4,12,December,2024-12,52,2024-12-23,23,Monday,False
20241224,2024-12-24,2024,Q4,12,December,2024-12,52,2024-12-23,24,Tuesday,False
20241225,2024-12-25,2024,Q4,12,December,2024-12,52,2024-12-23,25,Wednesday,False
20241226,2024-12-26,2024,Q4,12,December,2024-12,52,2024-12-23,26,Thursday,False
20241227,2024-12-27,2024,Q4,12,December,2024-12,52,2024-12-23,27,Friday,False
20241228,2024-12-28,2024,Q4,12,December,2024-12,52,2024-12-23,28,Saturday,True
20241229,2024-12-29,2024,Q4,12,December,2024-12,52,2024-12-23,29,Sunday,True
20241230,2024-12-30,2024,Q4,12,December,2024-12,1,2024-12-30,30,Monday,False
20241231,2024-12-31,2024,Q4,12,December,2024-12,1,2024-12-30,31,Tuesday,False
20250101,2025-01-01,2025,Q1,1,January,2025-01,1,2024-12-30,1,Wednesday,False
20250102,2025-01-02,2025,Q1,1,January,2025-01,1,2024-12-30,2,Thursday,False
20250103,2025-01-03,2025,Q1,1,January,2025-01,1,2024-12-30,3,Friday,False
20250104,2025-01-04,2025,Q1,1,January,2025-01,1,2024-12-30,4,Saturday,True
20250105,2025-01-05,2025,Q1,1,January,2025-01,1,2024-12-30,5,Sunday,True
20250106,2025-01-06,2025,Q1,1,January,2025-01,2,2025-01-06,6,Monday,False
20250107,2025-01-07,2025,Q1,1,January,2025-01,2,2025-01-06,7,Tuesday,False
20250108,2025-01-08,2025,Q1,1,January,2025-01,2,2025-01-06,8,Wednesday,False
20250109,2025-01-09,2025,Q1,1,January,2025-01,2,2025-01-06,9,Thursday,False
20250110,2025-01-10,2025,Q1,1,January,2025-01,2,2025-01-06,10,Friday,False
20250111,2025-01-11,2025,Q1,1,January,2025-01,2,2025-01-06,11,Saturday,True
20250112,2025-01-12,2025,Q1,1,January,2025-01,2,2025-01-06,12,Sunday,True
20250113,2025-01-13,2025,Q1,1,January,2025-01,3,2025-01-13,13,Monday,False
20250114,2025-01-14,2025,Q1,1,January,2025-01,3,2025-01-13,14,Tuesday,False
20250115,2025-01-15,2025,Q1,1,January,2025-01,3,2025-01-13,15,Wednesday,False
20250116,2025-01-16,2025,Q1,1,January,2025-01,3,2025-01-13,16,Thursday,False
20250117,2025-01-17,2025,Q1,1,January,2025-01,3,2025-01-13,17,Friday,False
20250118,2025-01-18,2025,Q1,1,January,2025-01,3,2025-01-13,18,Saturday,True
20250119,2025-01-19,2025,Q1,1,January,2025-01,3,2025-01-13,19,Sunday,True
20250120,2025-01-20,2025,Q1,1,January,2025-01,4,2025-01-20,20,Monday,False
20250121,2025-01-21,2025,Q1,1,January,2025-01,4,2025-01-20,21,Tuesday,False
20250122,2025-01-22,2025,Q1,1,January,2025-01,4,2025-01-20,22,Wednesday,False
20250123,2025-01-23,2025,Q1,1,January,2025-01,4,2025-01-20,23,Thursday,False
20250124,2025-01-24,2025,Q1,1,January,2025-01,4,2025-01-20,24,Friday,False
20250125,2025-01-25,2025,Q1,1,January,2025-01,4,2025-01-20,25,Saturday,True
20250126,2025-01-26,2025,Q1,1,January,2025-01,4,2025-01-20,26,Sunday,True
20250127,2025-01-27,2025,Q1,1,January,2025-01,5,2025-01-27,27,Monday,False
20250128,2025-01-28,2025,Q1,1,January,2025-01,5,2025-01-27,28,Tuesday,False
20250129,2025-01-29,2025,Q1,1,January,2025-01,5,2025-01-27,29,Wednesday,False
20250130,2025-01-30,2025,Q1,1,January,2025-01,5,2025-01-27,30,Thursday,False
20250131,2025-01-31,2025,Q1,1,January,2025-01,5,2025-01-27,31,Friday,False
20250201,2025-02-01,2025,Q1,2,February,2025-02,5,2025-01-27,1,Saturday,True
20250202,2025-02-02,2025,Q1,2,February,2025-02,5,2025-01-27,2,Sunday,True
20250203,2025-02-03,2025,Q1,2,February,2025-02,6,2025-02-03,3,Monday,False
20250204,2025-02-04,2025,Q1,2,February,2025-02,6,2025-02-03,4,Tuesday,False
20250205,2025-02-05,2025,Q1,2,February,2025-02,6,2025-02-03,5,Wednesday,False
20250206,2025-02-06,2025,Q1,2,February,2025-02,6,2025-02-03,6,Thursday,False
20250207,2025-02-07,2025,Q1,2,February,2025-02,6,2025-02-03,7,Friday,False
20250208,2025-02-08,2025,Q1,2,February,2025-02,6,2025-02-03,8,Saturday,True
20250209,2025-02-09,2025,Q1,2,February,2025-02,6,2025-02-03,9,Sunday,True
20250210,2025-02-10,2025,Q1,2,February,2025-02,7,2025-02-10,10,Monday,False
20250211,2025-02-11,2025,Q1,2,February,2025-02,7,2025-02-10,11,Tuesday,False
20250212,2025-02-12,2025,Q1,2,February,2025-02,7,2025-02-10,12,Wednesday,False
20250213,2025-02-13,2025,Q1,2,February,2025-02,7,2025-02-10,13,Thursday,False
20250214,2025-02-14,2025,Q1,2,February,2025-02,7,2025-02-10,14,Friday,False
20250215,2025-02-15,2025,Q1,2,February,2025-02,7,2025-02-10,15,Saturday,True
20250216,2025-02-16,2025,Q1,2,February,2025-02,7,2025-02-10,16,Sunday,True
20250217,2025-02-17,2025,Q1,2,February,2025-02,8,2025-02-17,17,Monday,False
20250218,2025-02-18,2025,Q1,2,February,2025-02,8,2025-02-17,18,Tuesday,False
20250219,2025-02-19,2025,Q1,2,February,2025-02,8,2025-02-17,19,Wednesday,False
20250220,2025-02-20,2025,Q1,2,February,2025-02,8,2025-02-17,20,Thursday,False
20250221,2025-02-21,2025,Q1,2,February,2025-02,8,2025-02-17,21,Friday,False
20250222,2025-02-22,2025,Q1,2,February,2025-02,8,2025-02-17,22,Saturday,True
20250223,2025-02-23,2025,Q1,2,February,2025-02,8,2025-02-17,23,Sunday,True
20250224,2025-02-24,2025,Q1,2,February,2025-02,9,2025-02-24,24,Monday,False
20250225,2025-02-25,2025,Q1,2,February,2025-02,9,2025-02-24,25,Tuesday,False
20250226,2025-02-26,2025,Q1,2,February,2025-02,9,2025-02-24,26,Wednesday,False
20250227,2025-02-27,2025,Q1,2,February,2025-02,9,2025-02-24,27,Thursday,False
20250228,2025-02-28,2025,Q1,2,February,2025-02,9,2025-02-24,28,Friday,False
20250301,2025-03-01,2025,Q1,3,March,2025-03,9,2025-02-24,1,Saturday,True
20250302,2025-03-02,2025,Q1,3,March,2025-03,9,2025-02-24,2,Sunday,True
20250303,2025-03-03,2025,Q1,3,March,2025-03,10,2025-03-03,3,Monday,False
20250304,2025-03-04,2025,Q1,3,March,2025-03,10,2025-03-03,4,Tuesday,False
20250305,2025-03-05,2025,Q1,3,March,2025-03,10,2025-03-03,5,Wednesday,False
20250306,2025-03-06,2025,Q1,3,March,2025-03,10,2025-03-03,6,Thursday,False
20250307,2025-03-07,2025,Q1,3,March,2025-03,10,2025-03-03,7,Friday,False
20250308,2025-03-08,2025,Q1,3,March,2025-03,10,2025-03-03,8,Saturday,True
20250309,2025-03-09,2025,Q1,3,March,2025-03,10,2025-03-03,9,Sunday,True
20250310,2025-03-10,2025,Q1,3,March,2025-03,11,2025-03-10,10,Monday,False
20250311,2025-03-11,2025,Q1,3,March,2025-03,11,2025-03-10,11,Tuesday,False
20250312,2025-03-12,2025,Q1,3,March,2025-03,11,2025-03-10,12,Wednesday,False
20250313,2025-03-13,2025,Q1,3,March,2025-03,11,2025-03-10,13,Thursday,False
20250314,2025-03-14,2025,Q1,3,March,2025-03,11,2025-03-10,14,Friday,False
20250315,2025-03-15,2025,Q1,3,March,2025-03,11,2025-03-10,15,Saturday,True
20250316,2025-03-16,2025,Q1,3,March,2025-03,11,2025-03-10,16,Sunday,True
20250317,2025-03-17,2025,Q1,3,March,2025-03,12,2025-03-17,17,Monday,False
20250318,2025-03-18,2025,Q1,3,March,2025-03,12,2025-03-17,18,Tuesday,False
20250319,2025-03-19,2025,Q1,3,March,2025-03,12,2025-03-17,19,Wednesday,False
20250320,2025-03-20,2025,Q1,3,March,2025-03,12,2025-03-17,20,Thursday,False
20250321,2025-03-21,2025,Q1,3,March,2025-03,12,2025-03-17,21,Friday,False
20250322,2025-03-22,2025,Q1,3,March,2025-03,12,2025-03-17,22,Saturday,True
20250323,2025-03-23,2025,Q1,3,March,2025-03,12,2025-03-17,23,Sunday,True
20250324,2025-03-24,2025,Q1,3,March,2025-03,13,2025-03-24,24,Monday,False
20250325,2025-03-25,2025,Q1,3,March,2025-03,13,2025-03-24,25,Tuesday,False
20250326,2025-03-26,2025,Q1,3,March,2025-03,13,2025-03-24,26,Wednesday,False
20250327,2025-03-27,2025,Q1,3,March,2025-03,13,2025-03-24,27,Thursday,False
20250328,2025-03-28,2025,Q1,3,March,2025-03,13,2025-03-24,28,Friday,False
20250329,2025-03-29,2025,Q1,3,March,2025-03,13,2025-03-24,29,Saturday,True
20250330,2025-03-30,2025,Q1,3,March,2025-03,13,2025-03-24,30,Sunday,True
20250331,2025-03-31,2025,Q1,3,March,2025-03,14,2025-03-31,31,Monday,False
20250401,2025-04-01,2025,Q2,4,April,2025-04,14,2025-03-31,1,Tuesday,False
20250402,2025-04-02,2025,Q2,4,April,2025-04,14,2025-03-31,2,Wednesday,False
20250403,2025-04-03,2025,Q2,4,April,2025-04,14,2025-03-31,3,Thursday,False
20250404,2025-04-04,2025,Q2,4,April,2025-04,14,2025-03-31,4,Friday,False
20250405,2025-04-05,2025,Q2,4,April,2025-04,14,2025-03-31,5,Saturday,True
20250406,2025-04-06,2025,Q2,4,April,2025-04,14,2025-03-31,6,Sunday,True
20250407,2025-04-07,2025,Q2,4,April,2025-04,15,2025-04-07,7,Monday,False
20250408,2025-04-08,2025,Q2,4,April,2025-04,15,2025-04-07,8,Tuesday,False
20250409,2025-04-09,2025,Q2,4,April,2025-04,15,2025-04-07,9,Wednesday,False
20250410,2025-04-10,2025,Q2,4,April,2025-04,15,2025-04-07,10,Thursday,False
20250411,2025-04-11,2025,Q2,4,April,2025-04,15,2025-04-07,11,Friday,False
20250412,2025-04-12,2025,Q2,4,April,2025-04,15,2025-04-07,12,Saturday,True
20250413,2025-04-13,2025,Q2,4,April,2025-04,15,2025-04-07,13,Sunday,True
20250414,2025-04-14,2025,Q2,4,April,2025-04,16,2025-04-14,14,Monday,False
20250415,2025-04-15,2025,Q2,4,April,2025-04,16,2025-04-14,15,Tuesday,False
20250416,2025-04-16,2025,Q2,4,April,2025-04,16,2025-04-14,16,Wednesday,False
20250417,2025-04-17,2025,Q2,4,April,2025-04,16,2025-04-14,17,Thursday,False
20250418,2025-04-18,2025,Q2,4,April,2025-04,16,2025-04-14,18,Friday,False
20250419,2025-04-19,2025,Q2,4,April,2025-04,16,2025-04-14,19,Saturday,True
20250420,2025-04-20,2025,Q2,4,April,2025-04,16,2025-04-14,20,Sunday,True
20250421,2025-04-21,2025,Q2,4,April,2025-04,17,2025-04-21,21,Monday,False
20250422,2025-04-22,2025,Q2,4,April,2025-04,17,2025-04-21,22,Tuesday,False
20250423,2025-04-23,2025,Q2,4,April,2025-04,17,2025-04-21,23,Wednesday,False
20250424,2025-04-24,2025,Q2,4,April,2025-04,17,2025-04-21,24,Thursday,False
20250425,2025-04-25,2025,Q2,4,April,2025-04,17,2025-04-21,25,Friday,False
20250426,2025-04-26,2025,Q2,4,April,2025-04,17,2025-04-21,26,Saturday,True
20250427,2025-04-27,2025,Q2,4,April,2025-04,17,2025-04-21,27,Sunday,True
20250428,2025-04-28,2025,Q2,4,April,2025-04,18,2025-04-28,28,Monday,False
20250429,2025-04-29,2025,Q2,4,April,2025-04,18,2025-04-28,29,Tuesday,False
20250430,2025-04-30,2025,Q2,4,April,2025-04,18,2025-04-28,30,Wednesday,False
20250501,2025-05-01,2025,Q2,5,May,2025-05,18,2025-04-28,1,Thursday,False
20250502,2025-05-02,2025,Q2,5,May,2025-05,18,2025-04-28,2,Friday,False
20250503,2025-05-03,2025,Q2,5,May,2025-05,18,2025-04-28,3,Saturday,True
20250504,2025-05-04,2025,Q2,5,May,2025-05,18,2025-04-28,4,Sunday,True
20250505,2025-05-05,2025,Q2,5,May,2025-05,19,2025-05-05,5,Monday,False
20250506,2025-05-06,2025,Q2,5,May,2025-05,19,2025-05-05,6,Tuesday,False
20250507,2025-05-07,2025,Q2,5,May,2025-05,19,2025-05-05,7,Wednesday,False
20250508,2025-05-08,2025,Q2,5,May,2025-05,19,2025-05-05,8,Thursday,False
20250509,2025-05-09,2025,Q2,5,May,2025-05,19,2025-05-05,9,Friday,False
20250510,2025-05-10,2025,Q2,5,May,2025-05,19,2025-05-05,10,Saturday,True
20250511,2025-05-11,2025,Q2,5,May,2025-05,19,2025-05-05,11,Sunday,True
20250512,2025-05-12,2025,Q2,5,May,2025-05,20,2025-05-12,12,Monday,False
20250513,2025-05-13,2025,Q2,5,May,2025-05,20,2025-05-12,13,Tuesday,False
20250514,2025-05-14,2025,Q2,5,May,2025-05,20,2025-05-12,14,Wednesday,False
20250515,2025-05-15,2025,Q2,5,May,2025-05,20,2025-05-12,15,Thursday,False
20250516,2025-05-16,2025,Q2,5,May,2025-05,20,2025-05-12,16,Friday,False
20250517,2025-05-17,2025,Q2,5,May,2025-05,20,2025-05-12,17,Saturday,True
20250518,2025-05-18,2025,Q2,5,May,2025-05,20,2025-05-12,18,Sunday,True
20250519,2025-05-19,2025,Q2,5,May,2025-05,21,2025-05-19,19,Monday,False
20250520,2025-05-20,2025,Q2,5,May,2025-05,21,2025-05-19,20,Tuesday,False
20250521,2025-05-21,2025,Q2,5,May,2025-05,21,2025-05-19,21,Wednesday,False
20250522,2025-05-22,2025,Q2,5,May,2025-05,21,2025-05-19,22,Thursday,False
20250523,2025-05-23,2025,Q2,5,May,2025-05,21,2025-05-19,23,Friday,False
20250524,2025-05-24,2025,Q2,5,May,2025-05,21,2025-05-19,24,Saturday,True
20250525,2025-05-25,2025,Q2,5,May,2025-05,21,2025-05-19,25,Sunday,True
20250526,2025-05-26,2025,Q2,5,May,2025-05,22,2025-05-26,26,Monday,False
20250527,2025-05-27,2025,Q2,5,May,2025-05,22,2025-05-26,27,Tuesday,False
20250528,2025-05-28,2025,Q2,5,May,2025-05,22,2025-05-26,28,Wednesday,False
20250529,2025-05-29,2025,Q2,5,May,2025-05,22,2025-05-26,29,Thursday,False
20250530,2025-05-30,2025,Q2,5,May,2025-05,22,2025-05-26,30,Friday,False
20250531,2025-05-31,2025,Q2,5,May,2025-05,22,2025-05-26,31,Saturday,True
20250601,2025-06-01,2025,Q2,6,June,2025-06,22,2025-05-26,1,Sunday,True
20250602,2025-06-02,2025,Q2,6,June,2025-06,23,2025-06-02,2,Monday,False
20250603,2025-06-03,2025,Q2,6,June,2025-06,23,2025-06-02,3,Tuesday,False
20250604,2025-06-04,2025,Q2,6,June,2025-06,23,2025-06-02,4,Wednesday,False
20250605,2025-06-05,2025,Q2,6,June,2025-06,23,2025-06-02,5,Thursday,False
20250606,2025-06-06,2025,Q2,6,June,2025-06,23,2025-06-02,6,Friday,False
20250607,2025-06-07,2025,Q2,6,June,2025-06,23,2025-06-02,7,Saturday,True
20250608,2025-06-08,2025,Q2,6,June,2025-06,23,2025-06-02,8,Sunday,True
20250609,2025-06-09,2025,Q2,6,June,2025-06,24,2025-06-09,9,Monday,False
20250610,2025-06-10,2025,Q2,6,June,2025-06,24,2025-06-09,10,Tuesday,False
20250611,2025-06-11,2025,Q2,6,June,2025-06,24,2025-06-09,11,Wednesday,False
20250612,2025-06-12,2025,Q2,6,June,2025-06,24,2025-06-09,12,Thursday,False
20250613,2025-06-13,2025,Q2,6,June,2025-06,24,2025-06-09,13,Friday,False
20250614,2025-06-14,2025,Q2,6,June,2025-06,24,2025-06-09,14,Saturday,True
20250615,2025-06-15,2025,Q2,6,June,2025-06,24,2025-06-09,15,Sunday,True
20250616,2025-06-16,2025,Q2,6,June,2025-06,25,2025-06-16,16,Monday,False
20250617,2025-06-17,2025,Q2,6,June,2025-06,25,2025-06-16,17,Tuesday,False
20250618,2025-06-18,2025,Q2,6,June,2025-06,25,2025-06-16,18,Wednesday,False
20250619,2025-06-19,2025,Q2,6,June,2025-06,25,2025-06-16,19,Thursday,False
20250620,2025-06-20,2025,Q2,6,June,2025-06,25,2025-06-16,20,Friday,False
20250621,2025-06-21,2025,Q2,6,June,2025-06,25,2025-06-16,21,Saturday,True
20250622,2025-06-22,2025,Q2,6,June,2025-06,25,2025-06-16,22,Sunday,True
20250623,2025-06-23,2025,Q2,6,June,2025-06,26,2025-06-23,23,Monday,False
20250624,2025-06-24,2025,Q2,6,June,2025-06,26,2025-06-23,24,Tuesday,False
20250625,2025-06-25,2025,Q2,6,June,2025-06,26,2025-06-23,25,Wednesday,False
20250626,2025-06-26,2025,Q2,6,June,2025-06,26,2025-06-23,26,Thursday,False
20250627,2025-06-27,2025,Q2,6,June,2025-06,26,2025-06-23,27,Friday,False
20250628,2025-06-28,2025,Q2,6,June,2025-06,26,2025-06-23,28,Saturday,True
20250629,2025-06-29,2025,Q2,6,June,2025-06,26,2025-06-23,29,Sunday,True
20250630,2025-06-30,2025,Q2,6,June,2025-06,27,2025-06-30,30,Monday,False
20250701,2025-07-01,2025,Q3,7,July,2025-07,27,2025-06-30,1,Tuesday,False
20250702,2025-07-02,2025,Q3,7,July,2025-07,27,2025-06-30,2,Wednesday,False
20250703,2025-07-03,2025,Q3,7,July,2025-07,27,2025-06-30,3,Thursday,False
20250704,2025-07-04,2025,Q3,7,July,2025-07,27,2025-06-30,4,Friday,False
20250705,2025-07-05,2025,Q3,7,July,2025-07,27,2025-06-30,5,Saturday,True
20250706,2025-07-06,2025,Q3,7,July,2025-07,27,2025-06-30,6,Sunday,True
20250707,2025-07-07,2025,Q3,7,July,2025-07,28,2025-07-07,7,Monday,False
20250708,2025-07-08,2025,Q3,7,July,2025-07,28,2025-07-07,8,Tuesday,False
20250709,2025-07-09,2025,Q3,7,July,2025-07,28,2025-07-07,9,Wednesday,False
20250710,2025-07-10,2025,Q3,7,July,2025-07,28,2025-07-07,10,Thursday,False
20250711,2025-07-11,2025,Q3,7,July,2025-07,28,2025-07-07,11,Friday,False
20250712,2025-07-12,2025,Q3,7,July,2025-07,28,2025-07-07,12,Saturday,True
20250713,2025-07-13,2025,Q3,7,July,2025-07,28,2025-07-07,13,Sunday,True
20250714,2025-07-14,2025,Q3,7,July,2025-07,29,2025-07-14,14,Monday,False
20250715,2025-07-15,2025,Q3,7,July,2025-07,29,2025-07-14,15,Tuesday,False
20250716,2025-07-16,2025,Q3,7,July,2025-07,29,2025-07-14,16,Wednesday,False
20250717,2025-07-17,2025,Q3,7,July,2025-07,29,2025-07-14,17,Thursday,False
20250718,2025-07-18,2025,Q3,7,July,2025-07,29,2025-07-14,18,Friday,False
20250719,2025-07-19,2025,Q3,7,July,2025-07,29,2025-07-14,19,Saturday,True
20250720,2025-07-20,2025,Q3,7,July,2025-07,29,2025-07-14,20,Sunday,True
20250721,2025-07-21,2025,Q3,7,July,2025-07,30,2025-07-21,21,Monday,False
20250722,2025-07-22,2025,Q3,7,July,2025-07,30,2025-07-21,22,Tuesday,False
20250723,2025-07-23,2025,Q3,7,July,2025-07,30,2025-07-21,23,Wednesday,False
20250724,2025-07-24,2025,Q3,7,July,2025-07,30,2025-07-21,24,Thursday,False
20250725,2025-07-25,2025,Q3,7,July,2025-07,30,2025-07-21,25,Friday,False
20250726,2025-07-26,2025,Q3,7,July,2025-07,30,2025-07-21,26,Saturday,True
20250727,2025-07-27,2025,Q3,7,July,2025-07,30,2025-07-21,27,Sunday,True
20250728,2025-07-28,2025,Q3,7,July,2025-07,31,2025-07-28,28,Monday,False
20250729,2025-07-29,2025,Q3,7,July,2025-07,31,2025-07-28,29,Tuesday,False
20250730,2025-07-30,2025,Q3,7,July,2025-07,31,2025-07-28,30,Wednesday,False
20250731,2025-07-31,2025,Q3,7,July,2025-07,31,2025-07-28,31,Thursday,False
20250801,2025-08-01,2025,Q3,8,August,2025-08,31,2025-07-28,1,Friday,False
20250802,2025-08-02,2025,Q3,8,August,2025-08,31,2025-07-28,2,Saturday,True
20250803,2025-08-03,2025,Q3,8,August,2025-08,31,2025-07-28,3,Sunday,True
20250804,2025-08-04,2025,Q3,8,August,2025-08,32,2025-08-04,4,Monday,False
20250805,2025-08-05,2025,Q3,8,August,2025-08,32,2025-08-04,5,Tuesday,False
20250806,2025-08-06,2025,Q3,8,August,2025-08,32,2025-08-04,6,Wednesday,False
20250807,2025-08-07,2025,Q3,8,August,2025-08,32,2025-08-04,7,Thursday,False
20250808,2025-08-08,2025,Q3,8,August,2025-08,32,2025-08-04,8,Friday,False
20250809,2025-08-09,2025,Q3,8,August,2025-08,32,2025-08-04,9,Saturday,True
20250810,2025-08-10,2025,Q3,8,August,2025-08,32,2025-08-04,10,Sunday,True
20250811,2025-08-11,2025,Q3,8,August,2025-08,33,2025-08-11,11,Monday,False
20250812,2025-08-12,2025,Q3,8,August,2025-08,33,2025-08-11,12,Tuesday,False
20250813,2025-08-13,2025,Q3,8,August,2025-08,33,2025-08-11,13,Wednesday,False
20250814,2025-08-14,2025,Q3,8,August,2025-08,33,2025-08-11,14,Thursday,False
20250815,2025-08-15,2025,Q3,8,August,2025-08,33,2025-08-11,15,Friday,False
20250816,2025-08-16,2025,Q3,8,August,2025-08,33,2025-08-11,16,Saturday,True
20250817,2025-08-17,2025,Q3,8,August,2025-08,33,2025-08-11,17,Sunday,True
20250818,2025-08-18,2025,Q3,8,August,2025-08,34,2025-08-18,18,Monday,False
20250819,2025-08-19,2025,Q3,8,August,2025-08,34,2025-08-18,19,Tuesday,False
20250820,2025-08-20,2025,Q3,8,August,2025-08,34,2025-08-18,20,Wednesday,False
20250821,2025-08-21,2025,Q3,8,August,2025-08,34,2025-08-18,21,Thursday,False
20250822,2025-08-22,2025,Q3,8,August,2025-08,34,2025-08-18,22,Friday,False
20250823,2025-08-23,2025,Q3,8,August,2025-08,34,2025-08-18,23,Saturday,True
20250824,2025-08-24,2025,Q3,8,August,2025-08,34,2025-08-18,24,Sunday,True
20250825,2025-08-25,2025,Q3,8,August,2025-08,35,2025-08-25,25,Monday,False
20250826,2025-08-26,2025,Q3,8,August,2025-08,35,2025-08-25,26,Tuesday,False
20250827,2025-08-27,2025,Q3,8,August,2025-08,35,2025-08-25,27,Wednesday,False
20250828,2025-08-28,2025,Q3,8,August,2025-08,35,2025-08-25,28,Thursday,False
20250829,2025-08-29,2025,Q3,8,August,2025-08,35,2025-08-25,29,Friday,False
20250830,2025-08-30,2025,Q3,8,August,2025-08,35,2025-08-25,30,Saturday,True
20250831,2025-08-31,2025,Q3,8,August,2025-08,35,2025-08-25,31,Sunday,True
20250901,2025-09-01,2025,Q3,9,September,2025-09,36,2025-09-01,1,Monday,False
20250902,2025-09-02,2025,Q3,9,September,2025-09,36,2025-09-01,2,Tuesday,False
20250903,2025-09-03,2025,Q3,9,September,2025-09,36,2025-09-01,3,Wednesday,False
20250904,2025-09-04,2025,Q3,9,September,2025-09,36,2025-09-01,4,Thursday,False
20250905,2025-09-05,2025,Q3,9,September,2025-09,36,2025-09-01,5,Friday,False
20250906,2025-09-06,2025,Q3,9,September,2025-09,36,2025-09-01,6,Saturday,True
20250907,2025-09-07,2025,Q3,9,September,2025-09,36,2025-09-01,7,Sunday,True
20250908,2025-09-08,2025,Q3,9,September,2025-09,37,2025-09-08,8,Monday,False
20250909,2025-09-09,2025,Q3,9,September,2025-09,37,2025-09-08,9,Tuesday,False
20250910,2025-09-10,2025,Q3,9,September,2025-09,37,2025-09-08,10,Wednesday,False
20250911,2025-09-11,2025,Q3,9,September,2025-09,37,2025-09-08,11,Thursday,False
20250912,2025-09-12,2025,Q3,9,September,2025-09,37,2025-09-08,12,Friday,False
20250913,2025-09-13,2025,Q3,9,September,2025-09,37,2025-09-08,13,Saturday,True
20250914,2025-09-14,2025,Q3,9,September,2025-09,37,2025-09-08,14,Sunday,True
20250915,2025-09-15,2025,Q3,9,September,2025-09,38,2025-09-15,15,Monday,False
20250916,2025-09-16,2025,Q3,9,September,2025-09,38,2025-09-15,16,Tuesday,False
20250917,2025-09-17,2025,Q3,9,September,2025-09,38,2025-09-15,17,Wednesday,False
20250918,2025-09-18,2025,Q3,9,September,2025-09,38,2025-09-15,18,Thursday,False
20250919,2025-09-19,2025,Q3,9,September,2025-09,38,2025-09-15,19,Friday,False
20250920,2025-09-20,2025,Q3,9,September,2025-09,38,2025-09-15,20,Saturday,True
20250921,2025-09-21,2025,Q3,9,September,2025-09,38,2025-09-15,21,Sunday,True
20250922,2025-09-22,2025,Q3,9,September,2025-09,39,2025-09-22,22,Monday,False
20250923,2025-09-23,2025,Q3,9,September,2025-09,39,2025-09-22,23,Tuesday,False
20250924,2025-09-24,2025,Q3,9,September,2025-09,39,2025-09-22,24,Wednesday,False
20250925,2025-09-25,2025,Q3,9,September,2025-09,39,2025-09-22,25,Thursday,False
20250926,2025-09-26,2025,Q3,9,September,2025-09,39,2025-09-22,26,Friday,False
20250927,2025-09-27,2025,Q3,9,September,2025-09,39,2025-09-22,27,Saturday,True
20250928,2025-09-28,2025,Q3,9,September,2025-09,39,2025-09-22,28,Sunday,True
20250929,2025-09-29,2025,Q3,9,September,2025-09,40,2025-09-29,29,Monday,False
20250930,2025-09-30,2025,Q3,9,September,2025-09,40,2025-09-29,30,Tuesday,False
20251001,2025-10-01,2025,Q4,10,October,2025-10,40,2025-09-29,1,Wednesday,False
20251002,2025-10-02,2025,Q4,10,October,2025-10,40,2025-09-29,2,Thursday,False
20251003,2025-10-03,2025,Q4,10,October,2025-10,40,2025-09-29,3,Friday,False
20251004,2025-10-04,2025,Q4,10,October,2025-10,40,2025-09-29,4,Saturday,True
20251005,2025-10-05,2025,Q4,10,October,2025-10,40,2025-09-29,5,Sunday,True
20251006,2025-10-06,2025,Q4,10,October,2025-10,41,2025-10-06,6,Monday,False
20251007,2025-10-07,2025,Q4,10,October,2025-10,41,2025-10-06,7,Tuesday,False
20251008,2025-10-08,2025,Q4,10,October,2025-10,41,2025-10-06,8,Wednesday,False
20251009,2025-10-09,2025,Q4,10,October,2025-10,41,2025-10-06,9,Thursday,False
20251010,2025-10-10,2025,Q4,10,October,2025-10,41,2025-10-06,10,Friday,False
20251011,2025-10-11,2025,Q4,10,October,2025-10,41,2025-10-06,11,Saturday,True
20251012,2025-10-12,2025,Q4,10,October,2025-10,41,2025-10-06,12,Sunday,True
20251013,2025-10-13,2025,Q4,10,October,2025-10,42,2025-10-13,13,Monday,False
20251014,2025-10-14,2025,Q4,10,October,2025-10,42,2025-10-13,14,Tuesday,False
20251015,2025-10-15,2025,Q4,10,October,2025-10,42,2025-10-13,15,Wednesday,False
20251016,2025-10-16,2025,Q4,10,October,2025-10,42,2025-10-13,16,Thursday,False
20251017,2025-10-17,2025,Q4,10,October,2025-10,42,2025-10-13,17,Friday,False
20251018,2025-10-18,2025,Q4,10,October,2025-10,42,2025-10-13,18,Saturday,True
20251019,2025-10-19,2025,Q4,10,October,2025-10,42,2025-10-13,19,Sunday,True
20251020,2025-10-20,2025,Q4,10,October,2025-10,43,2025-10-20,20,Monday,False
20251021,2025-10-21,2025,Q4,10,October,2025-10,43,2025-10-20,21,Tuesday,False
20251022,2025-10-22,2025,Q4,10,October,2025-10,43,2025-10-20,22,Wednesday,False
20251023,2025-10-23,2025,Q4,10,October,2025-10,43,2025-10-20,23,Thursday,False
20251024,2025-10-24,2025,Q4,10,October,2025-10,43,2025-10-20,24,Friday,False
20251025,2025-10-25,2025,Q4,10,October,2025-10,43,2025-10-20,25,Saturday,True
20251026,2025-10-26,2025,Q4,10,October,2025-10,43,2025-10-20,26,Sunday,True
20251027,2025-10-27,2025,Q4,10,October,2025-10,44,2025-10-27,27,Monday,False
20251028,2025-10-28,2025,Q4,10,October,2025-10,44,2025-10-27,28,Tuesday,False
20251029,2025-10-29,2025,Q4,10,October,2025-10,44,2025-10-27,29,Wednesday,False
20251030,2025-10-30,2025,Q4,10,October,2025-10,44,2025-10-27,30,Thursday,False
20251031,2025-10-31,2025,Q4,10,October,2025-10,44,2025-10-27,31,Friday,False
20251101,2025-11-01,2025,Q4,11,November,2025-11,44,2025-10-27,1,Saturday,True
20251102,2025-11-02,2025,Q4,11,November,2025-11,44,2025-10-27,2,Sunday,True
20251103,2025-11-03,2025,Q4,11,November,2025-11,45,2025-11-03,3,Monday,False
20251104,2025-11-04,2025,Q4,11,November,2025-11,45,2025-11-03,4,Tuesday,False
20251105,2025-11-05,2025,Q4,11,November,2025-11,45,2025-11-03,5,Wednesday,False
20251106,2025-11-06,2025,Q4,11,November,2025-11,45,2025-11-03,6,Thursday,False
20251107,2025-11-07,2025,Q4,11,November,2025-11,45,2025-11-03,7,Friday,False
20251108,2025-11-08,2025,Q4,11,November,2025-11,45,2025-11-03,8,Saturday,True
20251109,2025-11-09,2025,Q4,11,November,2025-11,45,2025-11-03,9,Sunday,True
20251110,2025-11-10,2025,Q4,11,November,2025-11,46,2025-11-10,10,Monday,False
20251111,2025-11-11,2025,Q4,11,November,2025-11,46,2025-11-10,11,Tuesday,False
20251112,2025-11-12,2025,Q4,11,November,2025-11,46,2025-11-10,12,Wednesday,False
20251113,2025-11-13,2025,Q4,11,November,2025-11,46,2025-11-10,13,Thursday,False
20251114,2025-11-14,2025,Q4,11,November,2025-11,46,2025-11-10,14,Friday,False
20251115,2025-11-15,2025,Q4,11,November,2025-11,46,2025-11-10,15,Saturday,True
20251116,2025-11-16,2025,Q4,11,November,2025-11,46,2025-11-10,16,Sunday,True
20251117,2025-11-17,2025,Q4,11,November,2025-11,47,2025-11-17,17,Monday,False
20251118,2025-11-18,2025,Q4,11,November,2025-11,47,2025-11-17,18,Tuesday,False
20251119,2025-11-19,2025,Q4,11,November,2025-11,47,2025-11-17,19,Wednesday,False
20251120,2025-11-20,2025,Q4,11,November,2025-11,47,2025-11-17,20,Thursday,False
20251121,2025-11-21,2025,Q4,11,November,2025-11,47,2025-11-17,21,Friday,False
20251122,2025-11-22,2025,Q4,11,November,2025-11,47,2025-11-17,22,Saturday,True
20251123,2025-11-23,2025,Q4,11,November,2025-11,47,2025-11-17,23,Sunday,True
20251124,2025-11-24,2025,Q4,11,November,2025-11,48,2025-11-24,24,Monday,False
20251125,2025-11-25,2025,Q4,11,November,2025-11,48,2025-11-24,25,Tuesday,False
20251126,2025-11-26,2025,Q4,11,November,2025-11,48,2025-11-24,26,Wednesday,False
20251127,2025-11-27,2025,Q4,11,November,2025-11,48,2025-11-24,27,Thursday,False
20251128,2025-11-28,2025,Q4,11,November,2025-11,48,2025-11-24,28,Friday,False
20251129,2025-11-29,2025,Q4,11,November,2025-11,48,2025-11-24,29,Saturday,True
20251130,2025-11-30,2025,Q4,11,November,2025-11,48,2025-11-24,30,Sunday,True
20251201,2025-12-01,2025,Q4,12,December,2025-12,49,2025-12-01,1,Monday,False
20251202,2025-12-02,2025,Q4,12,December,2025-12,49,2025-12-01,2,Tuesday,False
20251203,2025-12-03,2025,Q4,12,December,2025-12,49,2025-12-01,3,Wednesday,False
20251204,2025-12-04,2025,Q4,12,December,2025-12,49,2025-12-01,4,Thursday,False
20251205,2025-12-05,2025,Q4,12,December,2025-12,49,2025-12-01,5,Friday,False
20251206,2025-12-06,2025,Q4,12,December,2025-12,49,2025-12-01,6,Saturday,True
20251207,2025-12-07,2025,Q4,12,December,2025-12,49,2025-12-01,7,Sunday,True
20251208,2025-12-08,2025,Q4,12,December,2025-12,50,2025-12-08,8,Monday,False
20251209,2025-12-09,2025,Q4,12,December,2025-12,50,2025-12-08,9,Tuesday,False
20251210,2025-12-10,2025,Q4,12,December,2025-12,50,2025-12-08,10,Wednesday,False
20251211,2025-12-11,2025,Q4,12,December,2025-12,50,2025-12-08,11,Thursday,False
20251212,2025-12-12,2025,Q4,12,December,2025-12,50,2025-12-08,12,Friday,False
20251213,2025-12-13,2025,Q4,12,December,2025-12,50,2025-12-08,13,Saturday,True
20251214,2025-12-14,2025,Q4,12,December,2025-12,50,2025-12-08,14,Sunday,True
20251215,2025-12-15,2025,Q4,12,December,2025-12,51,2025-12-15,15,Monday,False
20251216,2025-12-16,2025,Q4,12,December,2025-12,51,2025-12-15,16,Tuesday,False
20251217,2025-12-17,2025,Q4,12,December,2025-12,51,2025-12-15,17,Wednesday,False
20251218,2025-12-18,2025,Q4,12,December,2025-12,51,2025-12-15,18,Thursday,False
20251219,2025-12-19,2025,Q4,12,December,2025-12,51,2025-12-15,19,Friday,False
20251220,2025-12-20,2025,Q4,12,December,2025-12,51,2025-12-15,20,Saturday,True
20251221,2025-12-21,2025,Q4,12,December,2025-12,51,2025-12-15,21,Sunday,True
20251222,2025-12-22,2025,Q4,12,December,2025-12,52,2025-12-22,22,Monday,False
20251223,2025-12-23,2025,Q4,12,December,2025-12,52,2025-12-22,23,Tuesday,False
20251224,2025-12-24,2025,Q4,12,December,2025-12,52,2025-12-22,24,Wednesday,False
20251225,2025-12-25,2025,Q4,12,December,2025-12,52,2025-12-22,25,Thursday,False
20251226,2025-12-26,2025,Q4,12,December,2025-12,52,2025-12-22,26,Friday,False
20251227,2025-12-27,2025,Q4,12,December,2025-12,52,2025-12-22,27,Saturday,True
20251228,2025-12-28,2025,Q4,12,December,2025-12,52,2025-12-22,28,Sunday,True
20251229,2025-12-29,2025,Q4,12,December,2025-12,1,2025-12-29,29,Monday,False
20251230,2025-12-30,2025,Q4,12,December,2025-12,1,2025-12-29,30,Tuesday,False
20251231,2025-12-31,2025,Q4,12,December,2025-12,1,2025-12-29,31,Wednesday,False
20260101,2026-01-01,2026,Q1,1,January,2026-01,1,2025-12-29,1,Thursday,False
20260102,2026-01-02,2026,Q1,1,January,2026-01,1,2025-12-29,2,Friday,False
20260103,2026-01-03,2026,Q1,1,January,2026-01,1,2025-12-29,3,Saturday,True
20260104,2026-01-04,2026,Q1,1,January,2026-01,1,2025-12-29,4,Sunday,True
20260105,2026-01-05,2026,Q1,1,January,2026-01,2,2026-01-05,5,Monday,False
20260106,2026-01-06,2026,Q1,1,January,2026-01,2,2026-01-05,6,Tuesday,False
20260107,2026-01-07,2026,Q1,1,January,2026-01,2,2026-01-05,7,Wednesday,False
20260108,2026-01-08,2026,Q1,1,January,2026-01,2,2026-01-05,8,Thursday,False
20260109,2026-01-09,2026,Q1,1,January,2026-01,2,2026-01-05,9,Friday,False
20260110,2026-01-10,2026,Q1,1,January,2026-01,2,2026-01-05,10,Saturday,True
20260111,2026-01-11,2026,Q1,1,January,2026-01,2,2026-01-05,11,Sunday,True
20260112,2026-01-12,2026,Q1,1,January,2026-01,3,2026-01-12,12,Monday,False
20260113,2026-01-13,2026,Q1,1,January,2026-01,3,2026-01-12,13,Tuesday,False
20260114,2026-01-14,2026,Q1,1,January,2026-01,3,2026-01-12,14,Wednesday,False
20260115,2026-01-15,2026,Q1,1,January,2026-01,3,2026-01-12,15,Thursday,False
20260116,2026-01-16,2026,Q1,1,January,2026-01,3,2026-01-12,16,Friday,False
20260117,2026-01-17,2026,Q1,1,January,2026-01,3,2026-01-12,17,Saturday,True
20260118,2026-01-18,2026,Q1,1,January,2026-01,3,2026-01-12,18,Sunday,True
20260119,2026-01-19,2026,Q1,1,January,2026-01,4,2026-01-19,19,Monday,False
20260120,2026-01-20,2026,Q1,1,January,2026-01,4,2026-01-19,20,Tuesday,False
20260121,2026-01-21,2026,Q1,1,January,2026-01,4,2026-01-19,21,Wednesday,False
20260122,2026-01-22,2026,Q1,1,January,2026-01,4,2026-01-19,22,Thursday,False
20260123,2026-01-23,2026,Q1,1,January,2026-01,4,2026-01-19,23,Friday,False
20260124,2026-01-24,2026,Q1,1,January,2026-01,4,2026-01-19,24,Saturday,True
20260125,2026-01-25,2026,Q1,1,January,2026-01,4,2026-01-19,25,Sunday,True
20260126,2026-01-26,2026,Q1,1,January,2026-01,5,2026-01-26,26,Monday,False
20260127,2026-01-27,2026,Q1,1,January,2026-01,5,2026-01-26,27,Tuesday,False
20260128,2026-01-28,2026,Q1,1,January,2026-01,5,2026-01-26,28,Wednesday,False
20260129,2026-01-29,2026,Q1,1,January,2026-01,5,2026-01-26,29,Thursday,False
20260130,2026-01-30,2026,Q1,1,January,2026-01,5,2026-01-26,30,Friday,False
20260131,2026-01-31,2026,Q1,1,January,2026-01,5,2026-01-26,31,Saturday,True
20260201,2026-02-01,2026,Q1,2,February,2026-02,5,2026-01-26,1,Sunday,True
20260202,2026-02-02,2026,Q1,2,February,2026-02,6,2026-02-02,2,Monday,False
20260203,2026-02-03,2026,Q1,2,February,2026-02,6,2026-02-02,3,Tuesday,False
20260204,2026-02-04,2026,Q1,2,February,2026-02,6,2026-02-02,4,Wednesday,False
20260205,2026-02-05,2026,Q1,2,February,2026-02,6,2026-02-02,5,Thursday,False
20260206,2026-02-06,2026,Q1,2,February,2026-02,6,2026-02-02,6,Friday,False
20260207,2026-02-07,2026,Q1,2,February,2026-02,6,2026-02-02,7,Saturday,True
20260208,2026-02-08,2026,Q1,2,February,2026-02,6,2026-02-02,8,Sunday,True
20260209,2026-02-09,2026,Q1,2,February,2026-02,7,2026-02-09,9,Monday,False
20260210,2026-02-10,2026,Q1,2,February,2026-02,7,2026-02-09,10,Tuesday,False
20260211,2026-02-11,2026,Q1,2,February,2026-02,7,2026-02-09,11,Wednesday,False
20260212,2026-02-12,2026,Q1,2,February,2026-02,7,2026-02-09,12,Thursday,False
20260213,2026-02-13,2026,Q1,2,February,2026-02,7,2026-02-09,13,Friday,False
20260214,2026-02-14,2026,Q1,2,February,2026-02,7,2026-02-09,14,Saturday,True
20260215,2026-02-15,2026,Q1,2,February,2026-02,7,2026-02-09,15,Sunday,True
20260216,2026-02-16,2026,Q1,2,February,2026-02,8,2026-02-16,16,Monday,False
20260217,2026-02-17,2026,Q1,2,February,2026-02,8,2026-02-16,17,Tuesday,False
20260218,2026-02-18,2026,Q1,2,February,2026-02,8,2026-02-16,18,Wednesday,False
20260219,2026-02-19,2026,Q1,2,February,2026-02,8,2026-02-16,19,Thursday,False
20260220,2026-02-20,2026,Q1,2,February,2026-02,8,2026-02-16,20,Friday,False
20260221,2026-02-21,2026,Q1,2,February,2026-02,8,2026-02-16,21,Saturday,True
20260222,2026-02-22,2026,Q1,2,February,2026-02,8,2026-02-16,22,Sunday,True
20260223,2026-02-23,2026,Q1,2,February,2026-02,9,2026-02-23,23,Monday,False
20260224,2026-02-24,2026,Q1,2,February,2026-02,9,2026-02-23,24,Tuesday,False
20260225,2026-02-25,2026,Q1,2,February,2026-02,9,2026-02-23,25,Wednesday,False
20260226,2026-02-26,2026,Q1,2,February,2026-02,9,2026-02-23,26,Thursday,False
20260227,2026-02-27,2026,Q1,2,February,2026-02,9,2026-02-23,27,Friday,False
20260228,2026-02-28,2026,Q1,2,February,2026-02,9,2026-02-23,28,Saturday,True
20260301,2026-03-01,2026,Q1,3,March,2026-03,9,2026-02-23,1,Sunday,True
20260302,2026-03-02,2026,Q1,3,March,2026-03,10,2026-03-02,2,Monday,False
20260303,2026-03-03,2026,Q1,3,March,2026-03,10,2026-03-02,3,Tuesday,False
20260304,2026-03-04,2026,Q1,3,March,2026-03,10,2026-03-02,4,Wednesday,False
20260305,2026-03-05,2026,Q1,3,March,2026-03,10,2026-03-02,5,Thursday,False
20260306,2026-03-06,2026,Q1,3,March,2026-03,10,2026-03-02,6,Friday,False
20260307,2026-03-07,2026,Q1,3,March,2026-03,10,2026-03-02,7,Saturday,True
20260308,2026-03-08,2026,Q1,3,March,2026-03,10,2026-03-02,8,Sunday,True
20260309,2026-03-09,2026,Q1,3,March,2026-03,11,2026-03-09,9,Monday,False
20260310,2026-03-10,2026,Q1,3,March,2026-03,11,2026-03-09,10,Tuesday,False
20260311,2026-03-11,2026,Q1,3,March,2026-03,11,2026-03-09,11,Wednesday,False
20260312,2026-03-12,2026,Q1,3,March,2026-03,11,2026-03-09,12,Thursday,False
20260313,2026-03-13,2026,Q1,3,March,2026-03,11,2026-03-09,13,Friday,False
20260314,2026-03-14,2026,Q1,3,March,2026-03,11,2026-03-09,14,Saturday,True
20260315,2026-03-15,2026,Q1,3,March,2026-03,11,2026-03-09,15,Sunday,True
20260316,2026-03-16,2026,Q1,3,March,2026-03,12,2026-03-16,16,Monday,False
20260317,2026-03-17,2026,Q1,3,March,2026-03,12,2026-03-16,17,Tuesday,False
20260318,2026-03-18,2026,Q1,3,March,2026-03,12,2026-03-16,18,Wednesday,False
20260319,2026-03-19,2026,Q1,3,March,2026-03,12,2026-03-16,19,Thursday,False
20260320,2026-03-20,2026,Q1,3,March,2026-03,12,2026-03-16,20,Friday,False
20260321,2026-03-21,2026,Q1,3,March,2026-03,12,2026-03-16,21,Saturday,True
20260322,2026-03-22,2026,Q1,3,March,2026-03,12,2026-03-16,22,Sunday,True
20260323,2026-03-23,2026,Q1,3,March,2026-03,13,2026-03-23,23,Monday,False
20260324,2026-03-24,2026,Q1,3,March,2026-03,13,2026-03-23,24,Tuesday,False
20260325,2026-03-25,2026,Q1,3,March,2026-03,13,2026-03-23,25,Wednesday,False
20260326,2026-03-26,2026,Q1,3,March,2026-03,13,2026-03-23,26,Thursday,False
20260327,2026-03-27,2026,Q1,3,March,2026-03,13,2026-03-23,27,Friday,False
20260328,2026-03-28,2026,Q1,3,March,2026-03,13,2026-03-23,28,Saturday,True
20260329,2026-03-29,2026,Q1,3,March,2026-03,13,2026-03-23,29,Sunday,True
20260330,2026-03-30,2026,Q1,3,March,2026-03,14,2026-03-30,30,Monday,False
20260331,2026-03-31,2026,Q1,3,March,2026-03,14,2026-03-30,31,Tuesday,False
20260401,2026-04-01,2026,Q2,4,April,2026-04,14,2026-03-30,1,Wednesday,False
20260402,2026-04-02,2026,Q2,4,April,2026-04,14,2026-03-30,2,Thursday,False
20260403,2026-04-03,2026,Q2,4,April,2026-04,14,2026-03-30,3,Friday,False
20260404,2026-04-04,2026,Q2,4,April,2026-04,14,2026-03-30,4,Saturday,True
20260405,2026-04-05,2026,Q2,4,April,2026-04,14,2026-03-30,5,Sunday,True
20260406,2026-04-06,2026,Q2,4,April,2026-04,15,2026-04-06,6,Monday,False
20260407,2026-04-07,2026,Q2,4,April,2026-04,15,2026-04-06,7,Tuesday,False
20260408,2026-04-08,2026,Q2,4,April,2026-04,15,2026-04-06,8,Wednesday,False
20260409,2026-04-09,2026,Q2,4,April,2026-04,15,2026-04-06,9,Thursday,False
20260410,2026-04-10,2026,Q2,4,April,2026-04,15,2026-04-06,10,Friday,False
20260411,2026-04-11,2026,Q2,4,April,2026-04,15,2026-04-06,11,Saturday,True
20260412,2026-04-12,2026,Q2,4,April,2026-04,15,2026-04-06,12,Sunday,True
20260413,2026-04-13,2026,Q2,4,April,2026-04,16,2026-04-13,13,Monday,False
20260414,2026-04-14,2026,Q2,4,April,2026-04,16,2026-04-13,14,Tuesday,False
20260415,2026-04-15,2026,Q2,4,April,2026-04,16,2026-04-13,15,Wednesday,False
20260416,2026-04-16,2026,Q2,4,April,2026-04,16,2026-04-13,16,Thursday,False
20260417,2026-04-17,2026,Q2,4,April,2026-04,16,2026-04-13,17,Friday,False
20260418,2026-04-18,2026,Q2,4,April,2026-04,16,2026-04-13,18,Saturday,True
20260419,2026-04-19,2026,Q2,4,April,2026-04,16,2026-04-13,19,Sunday,True
20260420,2026-04-20,2026,Q2,4,April,2026-04,17,2026-04-20,20,Monday,False
20260421,2026-04-21,2026,Q2,4,April,2026-04,17,2026-04-20,21,Tuesday,False
20260422,2026-04-22,2026,Q2,4,April,2026-04,17,2026-04-20,22,Wednesday,False
20260423,2026-04-23,2026,Q2,4,April,2026-04,17,2026-04-20,23,Thursday,False
20260424,2026-04-24,2026,Q2,4,April,2026-04,17,2026-04-20,24,Friday,False
20260425,2026-04-25,2026,Q2,4,April,2026-04,17,2026-04-20,25,Saturday,True
20260426,2026-04-26,2026,Q2,4,April,2026-04,17,2026-04-20,26,Sunday,True
20260427,2026-04-27,2026,Q2,4,April,2026-04,18,2026-04-27,27,Monday,False
20260428,2026-04-28,2026,Q2,4,April,2026-04,18,2026-04-27,28,Tuesday,False
20260429,2026-04-29,2026,Q2,4,April,2026-04,18,2026-04-27,29,Wednesday,False
20260430,2026-04-30,2026,Q2,4,April,2026-04,18,2026-04-27,30,Thursday,False
20260501,2026-05-01,2026,Q2,5,May,2026-05,18,2026-04-27,1,Friday,False
20260502,2026-05-02,2026,Q2,5,May,2026-05,18,2026-04-27,2,Saturday,True
20260503,2026-05-03,2026,Q2,5,May,2026-05,18,2026-04-27,3,Sunday,True
20260504,2026-05-04,2026,Q2,5,May,2026-05,19,2026-05-04,4,Monday,False
20260505,2026-05-05,2026,Q2,5,May,2026-05,19,2026-05-04,5,Tuesday,False
20260506,2026-05-06,2026,Q2,5,May,2026-05,19,2026-05-04,6,Wednesday,False
20260507,2026-05-07,2026,Q2,5,May,2026-05,19,2026-05-04,7,Thursday,False
20260508,2026-05-08,2026,Q2,5,May,2026-05,19,2026-05-04,8,Friday,False
20260509,2026-05-09,2026,Q2,5,May,2026-05,19,2026-05-04,9,Saturday,True
20260510,2026-05-10,2026,Q2,5,May,2026-05,19,2026-05-04,10,Sunday,True
20260511,2026-05-11,2026,Q2,5,May,2026-05,20,2026-05-11,11,Monday,False
20260512,2026-05-12,2026,Q2,5,May,2026-05,20,2026-05-11,12,Tuesday,False
20260513,2026-05-13,2026,Q2,5,May,2026-05,20,2026-05-11,13,Wednesday,False
20260514,2026-05-14,2026,Q2,5,May,2026-05,20,2026-05-11,14,Thursday,False
20260515,2026-05-15,2026,Q2,5,May,2026-05,20,2026-05-11,15,Friday,False
20260516,2026-05-16,2026,Q2,5,May,2026-05,20,2026-05-11,16,Saturday,True
20260517,2026-05-17,2026,Q2,5,May,2026-05,20,2026-05-11,17,Sunday,True
20260518,2026-05-18,2026,Q2,5,May,2026-05,21,2026-05-18,18,Monday,False
20260519,2026-05-19,2026,Q2,5,May,2026-05,21,2026-05-18,19,Tuesday,False
20260520,2026-05-20,2026,Q2,5,May,2026-05,21,2026-05-18,20,Wednesday,False
20260521,2026-05-21,2026,Q2,5,May,2026-05,21,2026-05-18,21,Thursday,False
20260522,2026-05-22,2026,Q2,5,May,2026-05,21,2026-05-18,22,Friday,False
20260523,2026-05-23,2026,Q2,5,May,2026-05,21,2026-05-18,23,Saturday,True
20260524,2026-05-24,2026,Q2,5,May,2026-05,21,2026-05-18,24,Sunday,True
20260525,2026-05-25,2026,Q2,5,May,2026-05,22,2026-05-25,25,Monday,False
20260526,2026-05-26,2026,Q2,5,May,2026-05,22,2026-05-25,26,Tuesday,False
20260527,2026-05-27,2026,Q2,5,May,2026-05,22,2026-05-25,27,Wednesday,False
20260528,2026-05-28,2026,Q2,5,May,2026-05,22,2026-05-25,28,Thursday,False
20260529,2026-05-29,2026,Q2,5,May,2026-05,22,2026-05-25,29,Friday,False
20260530,2026-05-30,2026,Q2,5,May,2026-05,22,2026-05-25,30,Saturday,True
20260531,2026-05-31,2026,Q2,5,May,2026-05,22,2026-05-25,31,Sunday,True
20260601,2026-06-01,2026,Q2,6,June,2026-06,23,2026-06-01,1,Monday,False
20260602,2026-06-02,2026,Q2,6,June,2026-06,23,2026-06-01,2,Tuesday,False
20260603,2026-06-03,2026,Q2,6,June,2026-06,23,2026-06-01,3,Wednesday,False
20260604,2026-06-04,2026,Q2,6,June,2026-06,23,2026-06-01,4,Thursday,False
20260605,2026-06-05,2026,Q2,6,June,2026-06,23,2026-06-01,5,Friday,False
20260606,2026-06-06,2026,Q2,6,June,2026-06,23,2026-06-01,6,Saturday,True
20260607,2026-06-07,2026,Q2,6,June,2026-06,23,2026-06-01,7,Sunday,True
20260608,2026-06-08,2026,Q2,6,June,2026-06,24,2026-06-08,8,Monday,False
20260609,2026-06-09,2026,Q2,6,June,2026-06,24,2026-06-08,9,Tuesday,False
20260610,2026-06-10,2026,Q2,6,June,2026-06,24,2026-06-08,10,Wednesday,False
20260611,2026-06-11,2026,Q2,6,June,2026-06,24,2026-06-08,11,Thursday,False
20260612,2026-06-12,2026,Q2,6,June,2026-06,24,2026-06-08,12,Friday,False
20260613,2026-06-13,2026,Q2,6,June,2026-06,24,2026-06-08,13,Saturday,True
20260614,2026-06-14,2026,Q2,6,June,2026-06,24,2026-06-08,14,Sunday,True
20260615,2026-06-15,2026,Q2,6,June,2026-06,25,2026-06-15,15,Monday,False
20260616,2026-06-16,2026,Q2,6,June,2026-06,25,2026-06-15,16,Tuesday,False
20260617,2026-06-17,2026,Q2,6,June,2026-06,25,2026-06-15,17,Wednesday,False
20260618,2026-06-18,2026,Q2,6,June,2026-06,25,2026-06-15,18,Thursday,False
20260619,2026-06-19,2026,Q2,6,June,2026-06,25,2026-06-15,19,Friday,False
20260620,2026-06-20,2026,Q2,6,June,2026-06,25,2026-06-15,20,Saturday,True
20260621,2026-06-21,2026,Q2,6,June,2026-06,25,2026-06-15,21,Sunday,True
20260622,2026-06-22,2026,Q2,6,June,2026-06,26,2026-06-22,22,Monday,False
20260623,2026-06-23,2026,Q2,6,June,2026-06,26,2026-06-22,23,Tuesday,False
20260624,2026-06-24,2026,Q2,6,June,2026-06,26,2026-06-22,24,Wednesday,False
20260625,2026-06-25,2026,Q2,6,June,2026-06,26,2026-06-22,25,Thursday,False
20260626,2026-06-26,2026,Q2,6,June,2026-06,26,2026-06-22,26,Friday,False
20260627,2026-06-27,2026,Q2,6,June,2026-06,26,2026-06-22,27,Saturday,True
20260628,2026-06-28,2026,Q2,6,June,2026-06,26,2026-06-22,28,Sunday,True
20260629,2026-06-29,2026,Q2,6,June,2026-06,27,2026-06-29,29,Monday,False
20260630,2026-06-30,2026,Q2,6,June,2026-06,27,2026-06-29,30,Tuesday,False
20260701,2026-07-01,2026,Q3,7,July,2026-07,27,2026-06-29,1,Wednesday,False
20260702,2026-07-02,2026,Q3,7,July,2026-07,27,2026-06-29,2,Thursday,False
20260703,2026-07-03,2026,Q3,7,July,2026-07,27,2026-06-29,3,Friday,False
20260704,2026-07-04,2026,Q3,7,July,2026-07,27,2026-06-29,4,Saturday,True
20260705,2026-07-05,2026,Q3,7,July,2026-07,27,2026-06-29,5,Sunday,True
20260706,2026-07-06,2026,Q3,7,July,2026-07,28,2026-07-06,6,Monday,False
20260707,2026-07-07,2026,Q3,7,July,2026-07,28,2026-07-06,7,Tuesday,False
20260708,2026-07-08,2026,Q3,7,July,2026-07,28,2026-07-06,8,Wednesday,False
20260709,2026-07-09,2026,Q3,7,July,2026-07,28,2026-07-06,9,Thursday,False
20260710,2026-07-10,2026,Q3,7,July,2026-07,28,2026-07-06,10,Friday,False
20260711,2026-07-11,2026,Q3,7,July,2026-07,28,2026-07-06,11,Saturday,True
20260712,2026-07-12,2026,Q3,7,July,2026-07,28,2026-07-06,12,Sunday,True
20260713,2026-07-13,2026,Q3,7,July,2026-07,29,2026-07-13,13,Monday,False
20260714,2026-07-14,2026,Q3,7,July,2026-07,29,2026-07-13,14,Tuesday,False
20260715,2026-07-15,2026,Q3,7,July,2026-07,29,2026-07-13,15,Wednesday,False
20260716,2026-07-16,2026,Q3,7,July,2026-07,29,2026-07-13,16,Thursday,False
20260717,2026-07-17,2026,Q3,7,July,2026-07,29,2026-07-13,17,Friday,False
20260718,2026-07-18,2026,Q3,7,July,2026-07,29,2026-07-13,18,Saturday,True
20260719,2026-07-19,2026,Q3,7,July,2026-07,29,2026-07-13,19,Sunday,True
20260720,2026-07-20,2026,Q3,7,July,2026-07,30,2026-07-20,20,Monday,False
20260721,2026-07-21,2026,Q3,7,July,2026-07,30,2026-07-20,21,Tuesday,False
20260722,2026-07-22,2026,Q3,7,July,2026-07,30,2026-07-20,22,Wednesday,False
20260723,2026-07-23,2026,Q3,7,July,2026-07,30,2026-07-20,23,Thursday,False
20260724,2026-07-24,2026,Q3,7,July,2026-07,30,2026-07-20,24,Friday,False
20260725,2026-07-25,2026,Q3,7,July,2026-07,30,2026-07-20,25,Saturday,True
20260726,2026-07-26,2026,Q3,7,July,2026-07,30,2026-07-20,26,Sunday,True
20260727,2026-07-27,2026,Q3,7,July,2026-07,31,2026-07-27,27,Monday,False
20260728,2026-07-28,2026,Q3,7,July,2026-07,31,2026-07-27,28,Tuesday,False
20260729,2026-07-29,2026,Q3,7,July,2026-07,31,2026-07-27,29,Wednesday,False
20260730,2026-07-30,2026,Q3,7,July,2026-07,31,2026-07-27,30,Thursday,False
20260731,2026-07-31,2026,Q3,7,July,2026-07,31,2026-07-27,31,Friday,False
20260801,2026-08-01,2026,Q3,8,August,2026-08,31,2026-07-27,1,Saturday,True
20260802,2026-08-02,2026,Q3,8,August,2026-08,31,2026-07-27,2,Sunday,True
20260803,2026-08-03,2026,Q3,8,August,2026-08,32,2026-08-03,3,Monday,False
20260804,2026-08-04,2026,Q3,8,August,2026-08,32,2026-08-03,4,Tuesday,False
20260805,2026-08-05,2026,Q3,8,August,2026-08,32,2026-08-03,5,Wednesday,False
20260806,2026-08-06,2026,Q3,8,August,2026-08,32,2026-08-03,6,Thursday,False
20260807,2026-08-07,2026,Q3,8,August,2026-08,32,2026-08-03,7,Friday,False
20260808,2026-08-08,2026,Q3,8,August,2026-08,32,2026-08-03,8,Saturday,True
20260809,2026-08-09,2026,Q3,8,August,2026-08,32,2026-08-03,9,Sunday,True
20260810,2026-08-10,2026,Q3,8,August,2026-08,33,2026-08-10,10,Monday,False
20260811,2026-08-11,2026,Q3,8,August,2026-08,33,2026-08-10,11,Tuesday,False
20260812,2026-08-12,2026,Q3,8,August,2026-08,33,2026-08-10,12,Wednesday,False
20260813,2026-08-13,2026,Q3,8,August,2026-08,33,2026-08-10,13,Thursday,False
20260814,2026-08-14,2026,Q3,8,August,2026-08,33,2026-08-10,14,Friday,False
20260815,2026-08-15,2026,Q3,8,August,2026-08,33,2026-08-10,15,Saturday,True
20260816,2026-08-16,2026,Q3,8,August,2026-08,33,2026-08-10,16,Sunday,True
20260817,2026-08-17,2026,Q3,8,August,2026-08,34,2026-08-17,17,Monday,False
20260818,2026-08-18,2026,Q3,8,August,2026-08,34,2026-08-17,18,Tuesday,False
20260819,2026-08-19,2026,Q3,8,August,2026-08,34,2026-08-17,19,Wednesday,False
20260820,2026-08-20,2026,Q3,8,August,2026-08,34,2026-08-17,20,Thursday,False
20260821,2026-08-21,2026,Q3,8,August,2026-08,34,2026-08-17,21,Friday,False
20260822,2026-08-22,2026,Q3,8,August,2026-08,34,2026-08-17,22,Saturday,True
20260823,2026-08-23,2026,Q3,8,August,2026-08,34,2026-08-17,23,Sunday,True
20260824,2026-08-24,2026,Q3,8,August,2026-08,35,2026-08-24,24,Monday,False
20260825,2026-08-25,2026,Q3,8,August,2026-08,35,2026-08-24,25,Tuesday,False
20260826,2026-08-26,2026,Q3,8,August,2026-08,35,2026-08-24,26,Wednesday,False
20260827,2026-08-27,2026,Q3,8,August,2026-08,35,2026-08-24,27,Thursday,False
20260828,2026-08-28,2026,Q3,8,August,2026-08,35,2026-08-24,28,Friday,False
20260829,2026-08-29,2026,Q3,8,August,2026-08,35,2026-08-24,29,Saturday,True
20260830,2026-08-30,2026,Q3,8,August,2026-08,35,2026-08-24,30,Sunday,True
20260831,2026-08-31,2026,Q3,8,August,2026-08,36,2026-08-31,31,Monday,False
20260901,2026-09-01,2026,Q3,9,September,2026-09,36,2026-08-31,1,Tuesday,False
20260902,2026-09-02,2026,Q3,9,September,2026-09,36,2026-08-31,2,Wednesday,False
20260903,2026-09-03,2026,Q3,9,September,2026-09,36,2026-08-31,3,Thursday,False
20260904,2026-09-04,2026,Q3,9,September,2026-09,36,2026-08-31,4,Friday,False
20260905,2026-09-05,2026,Q3,9,September,2026-09,36,2026-08-31,5,Saturday,True
20260906,2026-09-06,2026,Q3,9,September,2026-09,36,2026-08-31,6,Sunday,True
20260907,2026-09-07,2026,Q3,9,September,2026-09,37,2026-09-07,7,Monday,False
20260908,2026-09-08,2026,Q3,9,September,2026-09,37,2026-09-07,8,Tuesday,False
20260909,2026-09-09,2026,Q3,9,September,2026-09,37,2026-09-07,9,Wednesday,False
